1240,808,17168
464,1616,17736
2824,1664,18216
4472,680,18496
4616,-1184,17944
5008,-1384,18128
5016,1360,18768
4928,344,18536
5280,-1096,18016
5600,432,18288
3968,1128,18272
3816,456,18112
4568,-328,17968
4144,480,18072
3936,1000,18080
-8296,-1224,16120
4720,872,16336
3768,2264,16784
-1352,9472,20712
528,6144,19160
2576,1008,17384
1792,-1520,16512
6008,-6664,15768
1088,3888,18224
6176,-4120,16648
4768,-1752,17368
-4880,7328,23184
3032,1408,17984
3160,-16,17920
1496,3992,18112
1544,3184,17752
1048,3088,18104
2744,928,17648
4272,1608,18432
3840,2024,16384
1216,3832,17856
144,5888,17016
536,4568,16744
1392,6288,16848
2856,5896,16672
2248,6632,16616
3280,5096,23008
6000,4432,15264
2176,6024,17912
1496,5264,16032
3032,5632,16784
3320,4664,17416
3904,5464,15240
4160,6400,11376
3760,6696,11872
2896,4896,15992
2624,4760,16824
2568,4488,16496
3152,4280,16464
3320,4064,16264
1560,6912,16520
112,8696,16816
-808,10208,15072
-104,10888,15200
-96,11944,15624
2304,10240,15680
2808,9504,12960
21488,-9648,-7664
-7728,32767,30456
4912,17112,11344
7160,9840,12864
6528,11824,13600
1392,17568,-3216
5856,10216,14136
5888,8960,11968
6872,8400,12632
6224,9608,14840
5160,9200,12368
5192,9936,12648
9968,21968,16168
29856,18208,6688
-2928,-8896,13960
-7376,-4568,15912
5784,14296,13656
2128,5760,14376
3216,6744,14456
11728,7840,13760
13304,7912,12272
13464,8688,11776
13088,9240,11432
13960,7744,11840
16808,6160,10760
16928,3320,8472
18480,5608,5656
18160,1360,4880
10880,-376,7576
13248,-2128,5952
11400,-5016,6888
13208,-6464,6440
13424,-8064,5568
12424,-8792,4424
10376,-8920,2456
7080,-19384,-320
4344,-14928,-2792
8552,-13720,-552
2056,-16184,-1648
3024,-16512,-4376
-504,-17960,-4920
-1216,-15760,-6336
-792,-15544,-6464
-592,-11776,-3144
-1400,-9368,-4336
-5728,-10968,-7760
-7968,-14616,-9216
-7680,-12920,-9080
-6944,-14552,-12024
-10392,-10616,-10672
-13280,-8112,-9384
-4304,-10568,-12152
-5528,-8344,-10512
-11864,-12896,-10088
-12952,-13360,-11648
-7064,-12992,-11112
-392,-13344,-12552
-6248,-16624,-10104
-5912,-15376,-8984
-7640,-14328,-7304
-9456,-13016,-4136
-9744,-14240,-3008
-11744,-10912,1264
-10880,-8272,2048
-11592,-3992,3696
-11728,104,5504
-11408,5120,8888
-11160,7296,8752
-10496,6976,8992
-8344,7416,10528
-3904,10984,10592
-1440,15240,9928
-2744,15824,11448
-1672,17632,10376
-272,15600,9680
2200,11552,10512
4816,10712,10136
6880,10520,11200
8312,8616,9536
8000,6744,7248
10048,5112,7504
10888,56,5456
13232,-1264,3984
15248,-5104,2760
16872,-7088,-2848
32767,32352,-8224
4784,-32768,-3688
19208,40,-9304
25304,-48,-10288
6392,-6352,-9392
11128,2824,-14080
16968,2120,-14296
14992,488,-15624
16008,2088,-14968
9512,2808,-14008
7280,1024,-13312
10584,2976,-12192
11072,1272,-11288
7000,2568,-11880
9344,1232,-12176
3648,8520,-8576
10664,568,-12816
9832,-8456,-15288
11352,-856,-14864
8256,-2320,-14752
9064,-6232,-14152
10016,-8448,-14256
10416,-9592,-15336
7216,-10408,-12640
5128,-8680,-10632
4272,-12152,-9560
1632,-14832,-8072
1368,-14656,-5856
-576,-15184,-5344
-2056,-17936,-2920
-3616,-13512,-1336
-7880,-14272,-592
-7312,-12368,1744
-10600,-9848,4856
-10736,-5024,7232
-11072,-3256,8952
-11856,-1752,11248
-11152,-648,12088
-7240,-5224,12920
-6736,5720,11128
-6688,5488,13872
-792,4704,13064
-2792,7464,12896
-1936,9208,12144
-664,10048,10264
1576,13280,9488
4464,13912,9976
7392,14360,7272
9384,15624,7352
8120,13472,5672
11408,6872,4408
13560,8928,1824
13784,12784,280
19704,-592,-2688
17848,2816,-5864
19864,520,-7376
19696,-2968,-7920
17112,-1200,-8168
15952,784,-7768
9256,-1128,-8048
10680,-6320,-10800
10856,-5256,-13104
10408,-4104,-11872
9872,-3592,-12312
10720,-2440,-11704
12592,-9680,-12712
10392,-32768,-18920
19832,-16896,-20320
9192,-32768,-32768
-7040,-480,-32768
96,12832,-22760
18544,18760,-3168
26888,15448,4520
23256,7320,5688
8984,-9056,4648
2632,-20632,4104
1800,-26424,3096
8256,-22520,2176
13024,-14568,2432
14120,-8976,4736
11952,-6936,7400
8568,-7896,8472
6280,-10056,6584
9616,-12560,5296
12656,-13480,4248
12560,-14448,5512
8408,-15456,6992
7128,-15088,8352
6416,-13928,10496
5776,-10872,12000
4952,-8952,11904
6448,-8920,9776
10856,-11176,9120
10576,-12496,10896
5792,-6408,11784
3560,-10256,12712
5744,-3152,7872
8256,-5288,8104
8480,-9560,4824
5400,-8208,744
4152,-13208,-368
3256,-12368,-2096
2368,-12576,-15392
5560,-16872,-4688
5912,-11120,-17952
10592,-8736,-8648
8800,-9752,-15728
11328,-8696,-15144
8992,-6552,-19128
-3096,-19240,-17312
4320,-8144,-14096
6368,-7840,-17696
2320,-8944,-17040
5424,-11712,-12576
1800,-10080,-9360
13016,-8304,-9616
-928,-8960,-3528
10488,-32768,-32768
-120,-13968,-8648
2664,-15696,-7736
3024,-15256,-7320
2552,-15352,-4944
-176,-14032,-2624
-1120,-15096,-1120
-1936,-15232,-336
-1744,-15016,928
-2880,-15768,2448
-2840,-13872,4120
-3560,-14600,5192
-5552,-14584,5800
-7120,-14256,6296
-8240,-12496,7104
-7872,-11680,11288
-7136,-10072,10712
-8600,-10136,12568
-8736,-6664,12440
-7120,-6576,13136
-7584,-4776,13112
-6008,-2016,12736
-6968,1280,15336
-6176,3456,13048
-3424,3408,16768
-3048,7632,15112
-4328,8648,12816
-4184,11824,13416
-232,13856,13520
1856,17536,11464
5192,18440,11216
6728,16016,8288
6480,13816,6832
6464,12144,4528
10408,11064,3664
12432,11352,2984
14280,12408,2144
17120,9960,2104
16080,8784,216
16136,5936,864
17672,3496,1432
19152,1808,272
17384,-456,-4368
16104,-1504,-3792
13664,-1232,-3664
15000,-1328,-3160
12888,-5072,-7648
15320,-4296,-1512
19760,-7128,-5288
15464,-12232,-16312
15040,-5464,-8048
14128,-8096,-8968
9888,-5584,-9896
12472,-6928,-13264
8160,-8872,-9544
8784,-10056,-8696
5400,-10000,-8504
6728,-8168,-11080
9688,-9304,-12320
6992,-10568,-11792
6248,-13296,-11448
5376,-10936,-10360
5624,-10776,-9792
5984,-12136,-10624
6888,-15536,-10944
5608,-15704,-9624
6208,-12504,-8552
6080,-11040,-7984
6304,-14120,-8008
5816,-17016,-6648
5120,-17504,-4888
4120,-16968,-3880
3592,-17696,-3824
2136,-18048,-2440
-432,-15248,-2032
-1624,-15400,392
-2832,-14368,2800
-3840,-13936,6160
-5392,-14064,7624
-5256,-12720,8904
-5904,-11152,10616
-8320,-6464,12064
-4712,-7128,11752
-5616,-1368,13768
-1400,-712,13920
-4128,-1736,13368
-6040,-3576,9360
-9152,6224,12064
-7128,10968,10120
-9712,13912,6024
-9064,15744,11360
-12952,32767,-5608
-11208,12016,10368
-8288,16112,4768
-9192,-648,1184
-14288,1296,23376
-2888,13896,3312
-2728,11224,5760
3008,14120,3272
5248,11656,3256
7728,15360,568
6160,13576,1664
6384,11528,5472
7600,14904,2952
11392,17176,-1040
32767,12352,-32768
32767,1488,23016
15936,10104,-5280
18048,11464,-7936
11200,6632,-4576
14400,4960,-10440
14448,3232,-8496
16584,4816,-10040
15480,3880,-12248
12360,6488,-12576
12768,888,-11448
14592,-1440,-11536
14120,200,-10952
13056,-664,-12392
14576,720,-13168
13456,-2848,-10504
11272,-880,-12104
11520,-3112,-11384
10696,-4112,-10752
12296,-3992,-10616
12968,-7520,-9264
10136,-8104,-8168
9984,-10728,-8112
7840,-9848,-6424
11568,-12488,-7424
13024,-12704,-7432
11440,-13680,-6432
8800,-13256,-3944
6568,-14120,-1880
6296,-14408,-104
5760,-16024,1440
2408,-14968,3280
1040,-14752,3744
-1032,-13056,5376
-2240,-12640,6920
-2104,-12752,6984
-3720,-10840,8560
-7296,-10344,9528
-8328,-8656,9128
-10664,-7864,9120
-12888,-5344,10936
-12840,-2928,9168
-7824,-1672,8704
-9944,1872,9200
-15776,4744,12496
-13168,6832,9488
-11040,6456,9152
-10192,8280,9840
-6672,9728,11384
-4344,10016,8560
-5368,17928,9224
-2088,20360,7144
-1464,17480,4992
952,16152,4176
3048,12624,5040
3832,12448,2616
4344,12784,1528
6112,14224,1392
8056,15272,288
12600,15280,-1136
11008,12536,-2056
10832,11224,-2632
11496,9240,-2936
15456,9520,-3728
18016,9640,-5680
15832,9416,-7632
16152,2184,-6304
16624,8664,-5408
13880,10704,-2632
3920,6568,-3696
10272,8336,-5280
8552,11312,-6256
8112,12176,-8640
9016,12672,-8280
9888,13544,-8176
13104,15192,-6192
9536,12320,-9568
11048,9336,-8848
15232,17856,-11952
20832,16648,-7816
11224,10496,-9232
8592,4672,-5016
13560,6920,-3320
14184,8320,-3032
18080,10552,-3968
15032,7304,-5168
22392,11584,-7408
18904,5952,-2912
14680,-1664,-2072
17616,3040,-2888
18064,1312,-2080
18584,-728,-656
18648,-2240,976
17984,-1456,2424
16840,-3952,3056
14832,-7984,4144
12376,-9608,4280
10496,-13816,6248
10760,-11368,7696
6680,-16568,7568
6240,-9648,9472
4992,-9624,11256
2256,-8624,13720
2944,-8096,14616
1800,-4016,15024
-1216,-4472,14792
-952,1672,15432
-4352,-1872,11440
-7248,424,14880
-8296,2872,13616
-10024,3168,12088
-10408,4024,12440
-10552,6840,12832
-7392,10336,12528
-6528,12872,9232
-2432,12832,10704
-3128,13488,11216
544,11232,9264
-304,11544,8320
7144,13880,7256
5104,16264,10736
13464,11344,4192
13176,7776,672
15664,4744,-232
9824,-1928,9344
11544,144,-1008
15008,6216,-6184
18592,8072,-6720
18544,6952,-7184
18048,7400,-7664
15160,5712,-7544
12840,4112,-7896
15272,7008,-9888
24160,14968,-11952
15584,8960,-9200
10848,5984,-9416
7672,5440,-8992
13744,7552,-8184
12032,6328,-8624
12864,8304,-9984
10616,2600,-5952
14768,3744,-6496
15624,1312,-7016
14624,3136,-7656
17560,6480,-7952
21096,7496,-8000
17520,4536,-6176
14920,2896,-5112
14888,2176,-5440
16688,552,-3016
17856,-1048,-1376
17848,-2304,-656
16624,-2456,-288
16608,-2992,1264
17056,-5224,2648
15632,-5056,3760
12720,-8240,5304
11488,-10824,6216
11776,-9728,7152
9792,-10944,6976
9488,-11648,8136
7416,-10816,9248
4512,-11432,10808
3232,-12264,10032
3112,-9000,12560
1480,-7272,12992
1160,-6472,14336
-1192,-7792,14736
-3736,-8072,13896
-4384,-7472,14288
-4568,-6360,14928
-6488,-2352,14472
-6584,-528,13600
-6216,2656,13976
-7016,4864,13344
-8456,5816,12688
-8584,9128,11912
-7368,10632,11680
-5696,12664,10304
-5472,13312,9024
-2560,16832,7120
-2688,16480,7168
-2488,17448,5848
-1176,18312,5352
-2752,16328,4080
4184,14248,-32
9480,19464,3064
6736,14888,272
10480,16464,1000
9448,15896,1648
8816,14944,2392
10448,7040,-4384
11024,15328,4240
2456,-7800,-5256
14936,10800,-8688
12208,13728,-5976
9544,12032,-7184
10896,9552,-9128
9744,10216,-10536
11488,12944,-9512
11792,11768,-8112
12992,14216,-8872
13232,13024,-9624
9736,6328,-6680
12280,8568,-6448
13016,8752,-7536
16280,9984,-7872
15856,6944,-5432
15224,6040,-5424
17232,6736,-4744
18072,5000,-4552
16328,520,-3200
15600,-2608,-2288
16872,-3072,-1664
15936,-5680,-1080
14120,-7072,-1472
11992,-9320,-920
10456,-11624,-112
9336,-11968,424
7872,-14440,1656
6776,-15128,2704
4216,-15264,2528
4960,-14504,4904
2768,-16144,3776
1544,-14432,3456
-344,-14624,3800
1520,-13408,10144
-2560,-10968,9264
-5504,-10624,5056
-5304,-9656,10176
-7648,-10992,10056
-8200,-9712,10488
-8064,-6888,10952
-9840,-5904,3896
-12816,552,11288
-16416,1264,12160
-15760,520,9744
-13056,1408,8568
-9920,3360,6832
-8528,9968,5208
-10760,14784,6920
-11768,17752,7776
-9472,17288,7056
-7696,13720,5232
-5920,11312,5928
-5328,11448,5176
-2224,12952,6328
-1112,13352,5840
1200,14672,5904
2376,18688,3880
5352,15736,4376
5992,13384,1440
2904,13424,2680
1392,14040,4608
10960,15456,-3048
7224,11488,6528
8848,15416,-496
9064,14312,-5688
9872,11904,-8000
7352,15000,-5608
10128,13952,-5648
10416,18424,-8608
10208,15760,-8256
8936,17008,-10672
8080,12408,-5952
10032,15304,-9576
6984,9608,-9648
8760,10320,-8112
9224,12104,-9392
10480,12592,-9680
10480,10816,-10896
10232,8528,-8984
13120,3488,-11880
11816,10048,-7744
15000,9144,-9280
11840,6384,-6568
14520,5432,-7512
15504,7776,-6856
15328,5776,-7360
16184,3600,-5440
16624,1592,-4992
15784,-616,-4872
15584,-800,-4032
15280,-3656,-3552
14400,-5960,-2936
13744,-6888,-2912
13912,-7208,-1992
15456,-7872,-528
13832,-10608,504
13240,-11872,1088
11096,-13760,1512
8688,-14840,1432
13176,-12304,1696
8840,-14520,2320
5320,-12904,4032
8952,-11368,7112
7096,-12248,4872
4384,-13888,8168
4696,-10560,7176
-1496,-7280,13632
-1360,-7352,13272
-1752,-8312,12288
-7312,-8720,11992
-8600,-10536,12792
-9936,-6272,13448
-11136,-4552,12368
-8792,-168,11512
-9080,672,11248
-12856,4064,12360
-12984,5016,12216
-10984,4744,10968
-6760,6392,9824
-2368,14480,9896
-2320,10440,7768
-216,14024,7064
-856,15136,6760
1688,16176,5624
3816,17832,4344
5896,17960,4144
5752,15432,2832
7328,15056,1440
8792,16024,1680
9920,14152,-264
9088,12664,-1176
10056,11952,-1728
17632,10784,-4424
11944,10264,-2696
16304,15704,-8680
13152,11328,-4864
12856,11080,-4584
13280,11288,-5608
12288,10464,-6296
12408,10464,-7184
12672,9784,-7264
13728,10720,-6840
6240,5888,-4232
13880,9840,-9400
8328,5504,-6776
13104,10592,-7064
11928,10272,-7424
11472,8672,-6064
12376,9304,-7296
11552,8456,-4560
12760,6904,-5096
12392,7592,-5520
18840,13112,-7680
16040,9296,-2968
9248,5944,-1344
12816,6312,-4104
14416,5496,-1488
14576,3120,736
12880,1016,1064
16872,5200,792
14752,4272,4200
16544,3344,4048
16712,-2040,3968
14184,-5408,4312
13752,-5184,5040
16640,-6080,5272
13896,-10104,5048
10880,-8688,5552
10872,-12976,4512
10624,-17296,7112
6600,-12192,6256
7424,-12472,7056
5184,-12448,6064
4944,-12784,7616
1176,-14200,7832
-232,-17248,7952
-2280,-18272,6256
-2288,-12816,8344
-2104,-13816,4880
-7088,-10080,10224
-10776,-7720,7824
-11936,-3672,11944
-13008,-752,9792
-13888,-1976,7864
-10264,2480,8760
-11968,5520,8784
-13112,6464,7168
-11936,8848,6088
-12448,10904,4368
-9896,15256,4168
-8656,16008,3360
-6672,14936,2704
-5792,15424,2032
-11512,9512,-400
-5304,16624,1400
-4472,15624,328
-2264,17200,-160
2056,18344,600
5240,16856,-2064
5024,16272,-1424
4400,16536,1392
7504,12480,1080
13288,21336,-5712
6672,13568,-4640
8888,12864,-3272
8744,12112,-1864
9856,11336,-3704
9616,11856,-6048
11312,12152,-5784
12248,13064,-6920
13840,11520,-6360
12568,11936,-6472
16056,13600,-7408
14264,11936,-4752
13528,9304,-5672
18224,11448,-6464
15240,8656,-3472
16248,7480,-2368
14272,4488,-4288
16992,6696,-4776
11944,664,-3608
14912,-1968,1072
16864,-2664,968
16376,-4904,2256
16920,-4456,4112
16912,-3744,3400
16296,-4560,3296
15400,-6376,4552
15032,-7008,3536
17272,-5872,6336
15424,-4928,5488
10600,-13032,5584
8160,-19200,13272
5688,-14824,8528
2968,-12144,8104
2600,-10824,10024
1576,-9032,10184
728,-8712,10240
-6248,-11696,10608
-8480,-10248,11128
-10352,-8880,9704
-10464,-8480,11192
-10472,-3416,5896
-8880,-5232,8208
-11688,-192,8536
-15144,168,4880
-16576,4872,5584
-16216,6560,6128
-13584,9200,5024
-7928,11952,6128
-5760,4624,3968
-2600,13568,1624
5512,17024,984
6808,15680,-2664
6560,17152,-5616
13464,22072,-1712
9496,18240,-8200
8544,14072,-6184
8744,13096,-9368
10840,14544,-8264
11408,13008,-7480
9776,12864,-8232
8640,11816,-7440
7688,9752,-8456
10176,11616,-9048
9376,10520,-9032
8448,9696,-8736
10208,9264,-10072
7664,9952,-9792
11944,11680,-8856
10088,11744,-9944
11504,11944,-9400
11112,10416,-8848
12472,8936,-8376
12712,8136,-5152
13984,7776,-4928
13184,8984,-4480
14944,5016,-3400
15968,5680,-1008
16904,4504,-2016
17568,3848,-1560
17416,1352,-648
17680,848,496
16952,-1432,776
15480,-3648,1680
15176,-5392,2336
14520,-8024,3200
13432,-8304,4392
12448,-7952,5104
12064,-7544,6176
9408,-10224,5984
9448,-9088,5832
9904,-8752,8192
8624,-12824,8312
4904,-17680,6200
3992,-18344,7184
2984,-14888,5712
2584,-12992,7336
1664,-12584,5840
-760,-13864,10864
-2832,-12872,8408
-6576,-14032,5432
-6920,-15680,1656
-6888,-14912,1312
-7376,-14936,608
-10272,-10136,1360
-14112,-10080,4536
-14496,-1176,2904
-17664,-5472,-1944
-20024,-7440,-1232
-20224,-4368,-2632
-18024,944,-1048
-16760,4280,-1208
-19472,-96,-3312
-14696,5784,-440
-14160,7728,-16
-24272,-1928,1144
-10592,11552,408
-9544,12568,1104
-10272,13616,1736
-8320,9616,600
-6096,12360,3792
-8000,12784,-1528
976,19480,-3048
-1496,12416,-3104
-11192,14408,-5064
4064,17912,-6168
5384,19160,-1088
3592,18736,-5160
2712,15688,-7928
2616,13400,-6784
1648,10032,-8184
9232,15000,-7712
3304,13392,-8800
9624,16472,-8800
6296,14232,-9328
9544,11704,-9344
9432,9616,-8232
9936,12864,-7104
10704,14392,-9936
7272,13776,-29456
13368,9808,-8488
12984,8792,-6856
14480,8560,-6304
12808,7856,-7328
14480,7352,-6560
16272,3424,-5136
17696,3888,-3152
15816,456,-3480
16512,-880,-2512
15416,-4592,-1408
15656,-5224,280
17136,-6696,3368
15728,-4976,2472
13584,-7264,4000
11080,-10120,4928
9400,-11272,7672
9912,-12352,6344
7104,-10872,7504
6728,-10984,8248
6424,-11592,8896
4128,-12192,9920
2024,-12984,9144
1464,-12160,8960
592,-13264,10288
-2440,-12592,11488
-2024,-15320,10560
-3080,-10840,15752
-6264,-10488,9048
-7608,-11784,9064
-8728,-10248,10936
-9256,-8176,6560
-9224,-10736,12096
-12328,-6088,9856
-13216,2544,6680
-15408,-3016,10136
-13152,744,9704
-13296,2792,9304
-12560,4616,7832
-10696,6152,10952
-9640,9680,6608
-8288,9784,5784
-6208,11048,4080
-1096,12288,704
-2216,15048,-1184
1824,19784,-832
3088,19272,-840
6688,16376,-3456
7368,18760,-4704
5800,17912,-6192
4896,13744,-6728
8768,12440,-8944
6568,14472,-8392
5808,12712,-6376
14504,11720,-12000
10504,7920,-7496
12024,9336,-9416
9336,11864,-7520
9184,12624,-10752
9416,10208,-9584
11592,13184,-3752
12600,8032,-7608
15304,-6888,-12752
13696,9528,-8800
17248,11440,-10944
17952,11192,-10312
16104,10248,-8352
13040,8792,-7872
13120,5008,-4504
14856,2104,-2024
18072,1144,-1152
18248,1608,136
16032,-136,368
15064,-3280,1264
15504,-5664,2040
16232,-6792,3112
14264,-6888,3816
12104,-6192,5128
7304,-1416,6528
8976,-6704,2520
10504,-15344,1072
11360,-16312,3688
12408,-15192,2224
14048,-14752,4144
12000,-13664,3568
9824,-12472,2952
9816,-15600,2568
8808,-14424,3168
8240,-13224,4432
9152,-13696,5000
6136,-12760,7080
3248,-12328,6976
3272,-19184,9672
464,-13928,10056
1264,-13216,9872
528,-12648,9552
-1448,-12104,9216
-2464,-11680,8056
-4040,-11440,7064
-5544,-10192,7072
-7752,-10800,5560
-9448,-10096,4560
-13104,-8328,4016
-16080,-7016,4152
-17560,-5888,3640
-17304,-4552,3200
-16808,-5160,680
-16192,-1648,808
-16624,-992,8104
-11400,-2248,-25112
-18744,6344,-9544
-9000,-568,-3400
-7256,18592,-7448
-11896,9936,-3344
-12656,9360,-4832
2352,25488,-6224
-11088,16384,-4272
-13744,13616,-9408
6472,26144,-15136
4872,19048,-4920
-3680,11160,-7688
-1592,21496,-10056
-16384,-2776,-11024
-3584,21632,-7968
-928,17816,-9472
-4768,11992,-4176
-4920,17648,-7776
-504,18304,-8560
560,13488,1184
4208,13128,-4376
13848,17552,-2032
13976,23928,-3264
10184,11824,-960
12088,8344,-600
14904,7264,1696
17408,7920,3336
16072,3240,3456
16104,784,4024
15232,-1704,5480
12232,-5472,5600
12224,-8856,6976
8944,-7888,8256
7528,-10480,7728
5992,-11872,9848
4960,-13688,9672
2952,-11896,10640
-280,-9152,12520
-3048,-10928,16128
-2336,-10768,11672
-2432,-8776,14720
-6032,-8064,12672
-7248,-8216,13368
-8936,-6152,12848
-9512,-6384,11872
-9664,-3480,11872
-9704,1552,11432
-9360,3904,12472
-9320,5216,11816
-9720,8288,11400
-8456,9728,11360
-7248,9176,9928
-5536,10448,8064
-2688,11856,7408
-1520,13096,5920
-136,15960,1752
3480,14448,6920
-88,16352,-768
2168,17824,-960
5216,22040,-2144
3944,20440,-1672
-552,17896,-2112
-656,21816,-1688
1360,15184,-4104
-2480,16840,-5368
-256,19176,-10504
1944,16728,-5944
-1176,17736,-7832
-1280,15056,-7232
-1856,14832,-6952
-2840,17120,-7136
-1920,17416,-6656
-3784,13536,-6968
-4976,18976,-6616
-2192,18904,-6088
-120,17808,-3136
-248,18728,-3304
1120,15712,-1568
1568,15872,-112
1704,15896,3488
3872,14200,4792
4448,13320,5312
4768,13128,6160
4944,14384,7088
4704,14344,8960
5224,11888,9800
7168,10640,11272
8664,9600,9840
10424,9000,10664
9904,4936,12056
10088,6200,12960
10424,5408,14112
13640,5280,16968
13312,1512,14352
8696,-1720,10112
3024,3336,20224
11976,-2912,12848
15856,-5280,14744
9000,-2696,16552
19912,-2640,14288
9800,-8456,12744
10184,-8584,12216
8320,-7240,12992
6712,-8952,12384
6088,-11552,12912
4640,-9328,11192
3912,-9472,10864
1080,-10592,10472
-1600,-12096,10392
-4152,-10656,9128
-12328,-11168,10152
-11736,-10408,8232
-9376,-10648,4864
-10280,-9800,2928
-12696,-10416,1072
-15000,-13920,136
-14992,-14528,-624
-14256,-14208,-976
-11840,-10288,-616
-10576,-10200,392
-12192,-12920,-2968
-14536,-13864,1824
-14048,-9248,-1000
-12728,-1840,-8528
-17744,-7864,-7912
-13080,-8920,-4768
-16568,-7144,-4168
-15816,-7672,-4920
-14064,-5416,-5336
-14160,-6928,-4656
-15688,-8280,-5416
-15632,-8272,-4328
-16392,-8344,-3672
-15816,-6496,-3216
-15688,-4776,-3040
-14976,-4480,-960
-17544,-624,992
-14984,-2304,1280
-15152,-496,1936
-14752,1320,2872
-13296,3600,4648
-11848,6360,6368
-10680,8112,7888
-8968,9552,7816
-7392,11136,8976
-5280,11272,10936
-4600,11304,12656
-2968,12400,13816
960,12432,11192
1472,14144,11256
3312,13664,12560
4872,7304,13208
5144,7440,12568
5792,4728,10872
12808,4592,13088
12384,3272,11824
12288,688,11640
14488,-2408,14680
15496,-1064,12296
14424,-3024,12008
12768,-3720,9824
10792,-5408,8664
9232,-7320,7456
8992,-11296,6464
8696,-15104,5944
8360,-16792,5784
5712,-16872,4992
3848,-15608,4048
2184,-14440,3784
-392,-15000,3312
-1384,-16640,2792
-2184,-16528,1216
-5280,-16040,392
-8528,-16288,-1296
-8136,-13848,-936
-10728,-11544,-2088
-12040,-11640,-2440
-14136,-5568,-3080
-12312,-8376,-5272
-11504,-7472,-6144
-12984,-8184,-6312
-15440,-9344,-4136
-9616,-12792,-15912
-16232,-8976,-7352
-16200,-6792,-1016
-16400,-8744,-3432
-18712,-4992,-4600
-15856,-6608,-4112
-11264,-6056,-2224
-12192,-3136,2296
-18176,-4216,-2184
-16592,-1880,-888
-14008,-1152,-600
-13792,2544,424
-13504,5128,1352
-14400,4840,6728
-12616,5840,8192
-11640,8544,8024
-12152,10072,9064
-6584,12720,7872
-6304,13064,8512
-5448,12184,8800
-3848,12336,10024
-3672,11352,11656
-392,11360,12496
160,9952,11528
1464,10776,12200
4224,10208,12408
4688,10200,12504
7024,8432,13096
8648,9168,11680
10624,6096,8896
11024,4528,8168
13896,696,12040
14328,-416,10424
14080,-1120,9864
13032,-3376,8904
14520,-6832,9496
14128,-9504,9712
12960,-12640,8400
10056,-13392,6680
8024,-13312,6864
4848,-15104,6696
2016,-12024,9352
-264,-15448,2216
-1288,-15696,7504
-3736,-14000,5472
-2384,-14592,4400
-8872,-12152,2752
-11424,-13152,2344
-3872,-11800,-2368
-9088,-11720,-936
-13872,-8992,-264
-10048,-11392,-3808
-13896,-10160,-3072
-12896,-9912,-4832
-13416,-10984,-5344
-15136,-9960,-4888
-16608,-10592,-5168
-15040,-9368,-4992
-16224,-7712,-5328
-14360,-8720,1152
-16360,-7144,-3664
-15712,-3064,640
-15584,-1712,192
-16704,-368,-624
-16008,208,-1000
-15672,2560,-552
-14760,5440,2360
-14312,8272,3808
-11216,10736,4336
-7936,13568,5992
-6568,8944,1248
-9008,8968,7600
-8248,12032,10064
-3608,14280,13016
1472,17736,4416
-928,11896,8504
1416,12072,11184
1104,11152,12288
2864,7656,10280
6256,9848,12808
6712,9256,11648
6800,9088,10424
9368,7072,11680
11536,4504,9472
9208,3512,9600
14608,-3360,9232
17712,-4560,8464
17896,-4224,8464
13848,-4568,6376
13096,-7840,5192
12672,-12496,5408
13832,-16336,4728
12904,-16936,3736
11288,-16328,4240
6736,-16040,2576
2280,-13808,6280
2824,-10592,10584
4512,-5784,-6536
-2728,-10960,5496
-4200,-11072,8672
-6656,-14232,3344
-9760,-14016,4392
-11736,-12864,3520
-13544,-10072,3312
-14400,-7712,2960
-14888,-4208,3560
-11528,-2384,1376
-24088,-536,4168
-18776,-4720,776
-16904,-1640,1312
-16144,-1280,2496
-14912,-2608,1568
-16768,-2032,3688
-14240,-3120,-9048
-16592,-208,1496
-16888,-456,1632
-15632,-1728,1248
-17968,-4512,-544
-15632,-3152,1696
-15152,-1472,4352
-17072,-2032,3160
-15728,-1392,5296
-20312,5328,4312
-17208,8672,4200
-20896,11408,4040
-14616,7472,2000
-13928,7648,2640
-12440,12056,1920
-9344,11440,3072
-8824,12912,3472
-8048,15040,2600
-4008,14448,6136
-2376,12000,4680
3432,17768,3632
-5336,15704,4672
-464,11232,8352
-616,11344,12080
640,4944,11912
5136,6888,12912
7648,7472,12552
7320,4872,12592
10656,3080,10480
10792,-1752,10912
11408,-6560,12112
14512,-9504,12864
16064,-9232,12184
15096,-7096,10472
13440,-7320,7768
11552,-10584,7544
11136,-13312,7592
10144,-16016,8064
8848,-15592,8208
6760,-13336,7152
3616,-11840,6360
1680,-12112,5280
-1424,-13000,5344
-4784,-14592,4768
-6272,-16072,5752
-7744,-14672,5248
-8536,-10968,5208
-11384,-12008,5072
-12872,-11360,6104
-14856,-12528,2960
-14936,-10560,2784
-14608,-8224,4872
-13520,-4344,1816
-14168,-3272,1840
-14376,-4832,1560
-15768,-8968,3528
-16552,-7632,1728
-14480,-5904,1560
-16272,-4176,1288
-16296,-3208,2224
-16384,-1720,2376
-14680,936,2408
-15432,2576,1912
-15712,3064,2144
-14592,6496,2632
-14152,8608,3064
-13392,10616,3648
-11976,10712,2864
-13224,11488,3816
-12920,12640,4808
-11048,13520,5416
-8480,12920,5168
-5152,18592,2720
-7280,15328,4944
-4624,13392,7464
-4696,14272,8032
-2952,9760,9440
-1376,17232,9800
-848,10952,8944
-200,14320,8760
1336,12928,6136
4272,13480,6720
10088,14320,9296
9816,12992,7232
10952,13040,7208
12712,10776,3344
7672,10536,6600
11536,5848,448
17672,5768,2392
18168,2088,3232
20984,-416,5168
21472,-6472,5424
19360,-6744,3952
16752,-7272,3312
13336,-6256,2712
11464,-6528,2712
9928,-10200,3304
9456,-14792,3840
-2752,-21632,5296
20160,-12656,3840
4280,-13288,5432
1856,-12104,4760
-192,-12064,5944
-2880,-14312,5840
-5368,-15064,4792
-5584,-14056,5368
-7472,-12136,6080
-8960,-14776,5016
-9136,-12776,4184
-12008,-11544,4120
-13400,-9464,3656
-13560,-7704,2848
-14080,-5712,2416
-15832,-5576,2664
-17624,-6696,3536
-15768,-6168,2992
-15176,-5184,2592
-16344,-6064,2536
-15568,-8424,1680
-15704,-8976,2064
-14848,-10144,2696
-15256,-8600,3176
-16128,-8608,3936
-15848,-5800,4432
-15720,-1944,5472
-14328,-1952,5576
-13520,-1192,4256
-13528,64,5688
-14576,48,6088
-12824,3112,5888
-12504,8432,3856
-12080,11256,4552
-12208,13992,4680
-9816,14904,5424
-9536,15016,6696
-8792,14344,8224
-8656,14704,7496
-6920,14232,8248
-6696,13864,6656
-4008,11032,8112
-1768,12520,11184
-2792,12440,11696
-2104,11872,13120
-3160,14312,13568
3688,8512,15336
2680,9848,9656
4368,7856,11408
7144,6000,12904
8928,4240,12552
9408,872,11184
11712,-632,8328
13920,-3456,8456
14240,-7608,9184
14496,-10168,8072
14488,-10680,6368
13288,-13032,5296
13552,-15088,5080
11520,-15704,5232
9952,-14928,4296
7464,-13136,3976
3136,-13672,3944
-208,-16112,2808
-3320,-16872,3152
-5616,-15280,4160
-5376,-14208,2976
-7456,-13632,3152
-11304,-13904,2824
-12128,-12520,4424
-11264,-10072,3152
-12224,-9664,4696
-13304,-9352,3800
-14792,-10200,2456
-14952,-9688,2408
-15032,-7680,2648
-15632,-7240,2568
-15424,-8224,2184
-15952,-7264,3248
-14608,-5648,4112
-13544,-3888,2360
-14600,-3248,3456
-13696,-2808,4352
-15200,-3208,3096
-15376,-1320,3776
-15040,1592,4424
-13384,6752,6288
-15600,6608,1744
-15480,10016,1080
-15216,9984,2624
-13288,11752,3664
-13224,13176,6520
-10760,12808,5896
-9720,13056,7768
-7368,15040,5152
-5232,14056,6320
-4936,12264,7968
-4456,10656,10288
-4968,10584,10984
-3688,12360,11104
-1832,10504,10616
-1464,9968,11752
-712,8480,11064
2520,9080,12888
3968,9384,10968
6600,11824,3528
9648,11888,8208
10976,9504,9504
11560,5680,10424
12448,-1112,4400
16744,4816,7208
18216,5624,6376
17536,360,7104
19016,-672,4560
16024,-4832,3624
15592,-7008,3144
14880,-5656,1928
12240,-6424,2336
21968,-11000,5192
10256,-14432,728
5936,-17496,376
712,-19304,-48
-2304,-12808,-368
-3176,-17472,40
-4280,-17744,1392
-2896,-13656,1824
-6616,-15248,1208
-6488,-14576,-600
-8792,-11904,-1200
-7288,-9664,-1880
-11080,-12736,-2776
-14896,-13408,-2112
-12080,-11768,-2400
-13616,-9320,-3680
-14624,-12048,-4608
-15168,-9648,-3784
-13808,-10792,-3184
-14280,-7816,-2624
-15632,-8408,-744
-17008,-7768,-1536
-15488,-5728,-1168
-14392,-3688,-680
-16312,-2888,-640
-18504,-1464,1008
-17160,1224,1384
-14288,3904,1392
-12992,6032,1312
-12216,8304,2144
-11448,10224,2496
-10568,10536,3968
-9080,11600,3944
-7776,13736,1800
-7944,13480,-1088
-2928,18064,7912
-528,15160,2816
1232,15008,6736
-344,15080,7384
7592,18720,8312
2328,14768,5256
3664,15152,3088
7272,15336,3400
4544,16360,-552
7376,15360,1320
5896,13952,3320
15928,14024,768
14104,10192,1864
20136,8968,5152
17744,6176,1600
17608,4608,2104
16312,1840,600
19688,-4832,-3568
16776,-5680,1112
18816,-9640,1152
16784,-9448,368
12768,-8864,48
7648,-9728,-2064
5504,-10600,-1312
3576,-11824,-1280
1952,-14824,760
-640,-14208,-3304
800,-15344,2176
-224,-15032,-1608
-4040,-15112,240
-5472,-15816,-2184
-5536,-17360,-3784
-5368,-15352,-3296
-5648,-13664,-5984
-1656,-12472,-1248
-6024,-15208,-8360
-7488,-16336,-8624
-7480,-16368,-6392
-6136,-14024,-6064
-3584,-11360,-5392
-12296,-15520,-3512
-11008,-14992,-7000
-8456,-12872,-768
-12288,-11112,-3904
-12536,-10480,-3464
-12352,-9656,-2816
-14312,-3056,-880
-16984,-1552,-280
-17368,-2016,-264
-15432,456,-1248
-15184,2024,-368
-15184,4856,40
-14000,7072,-112
-12656,9040,-336
-13192,9312,760
-12432,11528,-616
-13160,13472,-2040
-7144,13128,-1976
-5440,14416,1640
-4720,14888,536
-4136,14664,5544
-2104,18632,-392
-744,17672,-816
-904,11296,1808
-4008,12776,1664
-824,14584,1680
320,17816,3760
4384,16176,6224
6392,20984,4640
5768,25888,-1888
4248,18760,-136
7368,6112,-9880
20728,16864,1088
15248,10672,-288
11184,7656,-5512
12656,9600,760
8696,4808,-4184
13976,1080,-9144
32767,19144,-6776
27816,9304,-1768
-11384,-23008,-6560
21464,-2368,-3472
21192,-1960,-6256
19808,-80,-6840
17664,-3576,-3272
15200,-5960,-4008
18072,-6080,-6920
13928,-9896,-5296
8048,-10376,-8016
8640,-11280,-5184
8384,-12304,1568
9496,-18296,-168
5640,-15592,-4256
3304,-11640,-6296
-2296,-11992,-5504
-2088,-9048,-4776
-3056,-7320,-5128
-6040,-9728,-5872
-7616,-11480,-5104
-6392,-12080,-16544
-4104,-9936,-12400
-6144,-10504,-7400
-8888,-18648,-11072
-6608,-18760,-12088
-7712,-11152,-10872
-8264,-9024,-6640
-8944,-9864,-9528
-10320,-11584,-7640
-14432,-13768,-11616
-12728,-11944,-8912
-13304,-6768,-6496
-11992,-960,-4768
-12544,1520,-3696
-13744,848,-3136
-15008,1808,-2200
-15920,2544,-1200
-16936,3424,-696
-14888,5808,960
-13576,6968,1088
-14360,7128,1160
-12120,9272,24
-10960,14600,6080
-8896,12848,1776
-7320,12016,2176
-4888,14248,3112
-2744,16240,8648
-3096,11232,-816
-1440,15608,5200
-1752,13440,3496
4544,20248,8696
3584,15184,2616
6576,10840,1864
8608,14072,1128
7032,9640,1704
10776,8136,-216
12648,10440,-2904
14232,5520,-5568
18712,5760,-5688
17736,2120,-7360
19456,2264,-8816
17192,-472,-7304
15072,376,-2080
11688,-9056,680
19424,864,-7216
18752,-3176,-8160
19568,-3568,-8256
17344,-6576,-7032
7832,-6120,-9064
8104,-8728,-6792
5632,-11224,-10672
9008,-12944,-9064
6960,-10800,-5880
6912,-13304,-4872
5872,-17096,-5960
4912,-14144,-7504
4104,-13784,-7384
2232,-10024,-7504
-696,-9720,-8328
-1216,-10352,-7872
-4888,-12520,-10360
-4952,-13456,-9624
-3520,-10592,-8136
-5464,-11712,-9896
-6792,-11848,-9416
-7496,-12248,-9880
-11168,-9880,-8704
-12040,-11600,-6936
-11936,-11136,-8512
-13408,-10984,-7304
-17872,-9648,-6624
-17928,-7440,-6000
-14576,-4704,-6000
-14680,-1832,-4304
-15408,816,-3320
-15960,2664,-864
-13072,4984,-712
-11936,6472,424
-10440,8456,2344
-9856,9968,2096
-7712,12200,4520
-6976,12328,5152
-4984,13880,6384
-3144,14904,7624
-864,14072,5312
-2976,16272,1720
-1408,17120,8264
768,14936,8344
832,13800,4072
4768,15656,6456
4344,12432,4304
7552,12440,10416
7264,14536,4016
8960,13712,4064
11656,8568,3360
8376,-1096,216
13376,-1112,-2600
13744,376,7360
21480,824,-392
26960,712,-640
25296,-1640,-176
20216,-3912,-992
15648,-8048,-2200
14152,-6600,-3224
11368,-7584,-3392
10824,-9192,-3208
10584,-12048,-4400
9072,-15024,-4208
9560,-13736,-3920
11848,-12944,-136
21904,-21736,-896
4016,-20096,-10712
19184,-8272,-16760
8336,-8528,3712
6496,-21768,-20472
8176,-13288,-15472
1472,-14208,-10096
-1608,-13464,-9464
-3456,-10992,-8584
-3888,-11600,-8992
-7016,-14120,-8464
-9080,-18024,-6240
-11800,-12400,-7792
-9640,-11312,-8184
-8608,-8776,-6840
-8992,-9128,-9064
-10608,-7152,-3352
-13568,-8272,-5016
-13368,-6328,-3352
-13888,-4768,-2552
-15232,-5384,-920
-18440,-4264,240
-16816,-3880,408
-16328,-5592,-88
-16648,-4504,-440
-15896,-1208,1824
-15144,288,1496
-13664,3880,1224
-13120,5416,1832
-13464,8416,4528
-14760,9144,1344
-10728,12672,5232
-7584,16280,7968
-9320,17256,6312
-6856,13552,2288
-9120,13960,-472
-2608,12128,2144
-4936,10392,920
-2952,9368,3992
2624,9912,-1032
2296,13368,9392
1000,10040,1856
9008,14792,-384
10064,12856,6680
13328,15528,15984
10080,9040,9176
11768,5576,7400
14352,3792,7272
14928,1376,8616
19568,-2432,8848
18504,-2128,7008
16376,-4760,4408
15520,-5128,3216
13640,-8112,3792
12344,-11664,4712
11608,-12024,4184
8504,-14512,5288
5408,-15448,6280
5624,-13656,6920
1784,-13104,5464
-344,-14552,7824
-3632,-12992,4248
-4944,-14248,1992
-10832,-12312,72
-11080,-10528,-1656
-10720,-10080,-3800
-10992,-11024,-5656
-10264,-11960,-6544
-8512,-12672,-8144
-11544,-14672,-8920
-11032,-11624,-7856
-8208,-9848,-7368
-8816,-9208,-12792
-6744,-9200,-3272
-7824,-11560,-4288
-7616,-11312,-7336
-9904,-10616,-3248
-12104,-10520,-8432
-12224,-10488,-7496
-14480,-11208,-7080
-15544,-10848,-3808
-17536,-9912,-4160
-15784,-9888,-6112
-13112,-8320,-7776
-14528,-3776,-5688
-13552,1480,-2144
-14408,4400,-864
-13736,5880,504
-13296,7536,1496
-12520,8824,1576
-10424,7744,1576
-8976,11424,1464
-5744,16728,3496
-4904,16152,2792
32,17464,4216
-1696,16640,9184
-1576,16536,2984
1152,17088,5488
-840,15952,6616
1680,15896,5040
4432,12400,5784
3656,8536,4832
5000,9144,608
11832,15576,11576
12720,11600,6088
14416,7024,5256
16264,2648,6456
17376,976,6976
17344,-1128,4536
16888,128,3168
14936,-3104,2016
12800,-6816,1216
10696,-11216,496
11368,-13512,64
8560,-16816,-672
8032,-16960,-1176
8104,-19000,-3248
4616,-16880,-1960
2296,-14168,-1704
1392,-12920,-576
136,-16632,-632
-5264,-15512,-4904
-3448,-16168,-6152
-4928,-12664,-5632
-5600,-12240,-3280
-5992,-11328,-5000
-7824,-14144,-4560
-7120,-12040,-5504
-10128,-12352,-5904
-8744,-13384,-5224
-10544,-14928,-5696
-10672,-13984,-6056
-12792,-13896,-5160
-14464,-15064,-4200
-13160,-13272,-3360
-11848,-9856,-4624
-12448,-8200,-3304
-14488,-7040,-520
-16392,-5616,232
-15728,-4248,-56
-14632,-1576,920
-14976,1944,2528
-14360,3208,3456
-13600,8168,4312
-11280,9568,3920
-10408,9776,4336
-9144,11992,4328
-7744,11480,3512
-6568,14384,3816
-6280,15984,4240
-4352,17368,4008
-6288,22152,4512
-3784,10472,-4120
-2720,17352,4720
-24,19104,8600
-472,18168,3544
-72,14624,1472
-72,10272,-400
5048,17368,2824
5816,15560,2640
11192,18344,2328
12824,14416,2144
13816,10048,1664
14144,3984,2048
16000,4856,-272
15640,6840,-2048
16056,5712,-3072
17424,2712,-3464
19672,-1416,-3048
21232,-2784,-3360
18648,-3208,-3880
14944,-2504,-4320
13256,-424,-4536
12336,-3080,-1232
15232,4208,-9592
4752,-17360,6184
32767,5840,-22736
4264,-13928,-7832
14992,-4080,-10464
10320,-1296,-10592
10264,64,-10928
11568,-1136,-13080
11096,-2720,-15672
11312,720,-13168
10392,-3688,-13608
8632,-7072,-14344
5840,-2080,-11856
11880,-2064,-12936
8928,-7960,-11184
21520,21336,-12448
1336,-6408,-4544
6928,-4040,-11216
10216,-5000,-12032
9288,-8744,-12552
9760,-10008,-12472
8440,-11016,-12128
4000,-10272,-9864
104,-10320,-9128
12936,-6352,-10992
18192,-13672,-9536
7336,-9192,-6480
3984,-10544,-6264
5928,-14640,-6080
2536,-15904,-6384
2512,-13752,-3808
1240,-15136,-6120
1256,-20176,-4632
584,-16504,-3304
-2928,-16536,-2096
-912,-11968,1616
-3192,-12224,-328
-6664,-12736,-1728
-10440,-13216,-1968
-11168,-11960,1208
-12256,-7960,6472
-14904,-10992,-192
-13680,-12360,2608
-6376,-10936,4496
-9336,-8360,2240
-11584,-8936,2064
-13080,-9264,2432
-13768,-8664,2264
-13704,-7960,2048
-13272,-7352,1704
-14488,-6640,2512
-14456,-6192,1976
-13880,-5216,2752
-12376,-3112,1736
-13160,-632,1464
-14616,1040,496
-16336,3856,64
-15672,6992,-440
-14304,9440,-16
-10408,10368,624
-9680,9072,-1384
-18016,13152,-13136
-8368,12480,-3808
-4704,18064,-3896
-1096,18976,-4528
-2792,16904,-5584
-2336,16120,-5192
9920,13920,-5352
9376,15360,-6328
9056,13216,-7496
10624,15336,-7520
11432,4896,-9072
10848,7488,-12120
12368,12040,-9912
14328,2576,-10600
12120,9032,-6664
10680,4304,-7680
11656,-2552,-9472
19816,3968,-5064
14072,17312,-13808
6560,-5624,-13176
10240,4904,-7336
11224,3192,-6824
11408,3928,-9544
14504,1424,-14824
11152,2512,-4216
18648,12160,-15800
13400,6472,-2360
11064,4624,-6464
15512,5888,-8592
11624,3968,-9504
11808,3728,-9472
15416,6064,-10184
15416,5064,-8184
15344,5944,-8488
18808,4752,-9368
17272,3104,-6600
16328,-1320,-5152
16664,-2600,-5216
16952,-4640,-4584
23912,-8872,-4952
12648,-6784,-3856
13240,-10096,-2312
12680,-15912,-1168
2840,-7064,72
7112,-18024,-496
1632,-11040,16
-5648,-13256,1800
-8208,-12488,1976
-11136,-10512,2976
-12992,-9792,3400
-12448,-8824,3584
-13680,-6896,4864
-12472,-6920,5152
-16728,-5920,7768
-14640,-1968,7264
-12208,-632,9160
-13656,-1928,7072
-11072,-592,3784
-8544,-1152,11944
-17672,14016,6736
-12080,6104,9968
-14696,7520,9712
-6656,14296,11336
-9280,8152,9152
-10496,8456,8368
-18424,12568,-1104
-10112,5200,10296
-3912,8016,7712
1040,10928,10624
5568,6416,9840
6504,17072,12904
6368,26112,-5936
4288,19056,16480
-10736,18664,-20600
17632,11312,5064
2912,13712,-1392
8064,19224,-5120
11216,22856,496
10000,22688,-5224
6520,17824,-5104
6672,13360,-3712
3008,13944,-2888
3912,14040,-3472
6696,15480,-3720
6912,15008,-6144
4728,10552,-1792
5240,10112,-3432
7776,11088,-5512
7744,13224,-3536
13304,5416,-4568
4032,2064,4648
13392,8560,-3280
14728,8880,-10440
14040,11408,-10880
13168,10544,-8648
9016,8784,-9256
10768,9000,-9328
9976,10424,-8872
11992,11832,-12872
7688,7664,-13736
10816,9800,-10296
13744,10040,-9784
10856,6912,-9904
7744,6128,-10600
13512,8848,-10960
15152,8320,-12264
13160,4952,-10088
12744,3824,-8824
12888,1624,-8424
14712,1600,-8896
15736,576,-7984
16016,-536,-8248
15024,-1712,-7248
15808,-3888,-6256
13328,-5984,-6352
13328,-8360,-4712
12064,-11192,-2752
9344,-11880,-3912
8856,-12824,-464
8184,-13264,-2328
8352,-14072,-536
6416,-17056,1992
3248,-16040,4144
5264,-15112,2192
5056,-17408,3384
2960,-17432,1128
3624,-11856,4176
2192,-14640,4912
312,-12792,7400
224,-13632,5568
424,-12848,7800
-5336,-14432,7552
-9040,-10112,10736
-12760,-10088,11408
-9808,-7704,11040
-6624,-7776,9528
-5536,-4248,9776
-7904,-936,8192
-32768,-3760,-5464
-19288,13864,10224
-17016,8232,5960
-6712,10608,8600
-5232,8728,7360
-5416,12880,6968
-3672,14752,4536
-5760,16376,3824
-3280,17432,1336
-3968,18992,-232
-3616,19344,-1568
-2104,18552,-3544
-1400,17120,-4344
-1912,16224,-3808
736,16352,-7440
1352,14560,-8856
2848,16896,-8152
-480,12632,-9184
384,12584,-10536
616,11728,-10888
256,14120,-9584
-6008,10456,-12008
1128,10112,-13016
1896,8944,-13704
192,9584,-13864
640,8840,-12336
512,5576,-13576
288,7312,-10728
-2016,8584,-14784
-4920,18056,-14328
-4192,12112,-19744
-4464,5976,-13864
-5920,8264,-14408
-3808,10168,-12608
-4224,8256,-11048
-4264,10624,-12312
-6056,11272,-11928
-6208,14176,-11088
-5440,13384,-9952
-3952,11744,-8672
-2728,13000,-7544
-2400,15896,-5760
-4752,14000,-4824
-1264,15384,-4928
-920,18592,-4736
896,14888,-2992
2504,14072,-4264
5128,12856,-2432
6080,14128,-2456
8392,14304,792
13784,13408,-1376
13792,9272,3952
11960,10536,-5392
17112,8000,5944
15600,12792,-56
15648,10592,5856
14960,4664,7904
14680,4424,6640
14192,2248,7816
14608,-3064,9872
11704,-3592,4544
14984,-2408,10080
12576,-5200,9792
10832,-6856,8176
12400,-9200,6176
14088,-13120,4528
11840,-12832,5232
8280,-14712,4160
5936,-12568,3512
3960,-11840,2488
1384,-11280,1992
-5456,-19072,648
-11368,-25040,1328
-5264,-21544,-208
-3384,-12480,-264
-2064,-12376,-3208
-6864,-8440,2344
280,-9248,232
-13816,6440,1912
-18576,-2608,-2248
-18632,-688,-4560
-17832,1928,-5904
-18168,15088,-13088
-15224,3072,-6608
-18368,3896,-7336
-16176,3952,-7008
-11896,6880,-7536
-7272,8576,-6192
-8968,5840,-6304
-8112,6784,-8896
-1704,10200,-9912
-10888,6960,-10712
-12048,3624,-12776
-9600,3888,-11480
-8160,4992,-13080
-9480,4760,-11944
-13488,3016,-14424
-5496,-696,-8992
-24312,13536,-11688
-7264,2936,-11824
-11336,16,-20544
-17280,3992,-17048
-14064,3072,-12800
-14128,3424,-11672
-12824,5152,-10368
-10760,6608,-8296
-12408,6856,-7392
-11104,10040,-3248
-9976,11584,-3872
-9944,11528,-4288
-7256,12208,-1144
-7168,13288,1016
-5456,13424,1992
-3680,14768,3504
-2272,15128,5448
608,15080,4680
2456,14744,7312
4488,15240,9560
8448,8768,11848
7040,9112,9072
8184,9808,8440
8808,9248,8560
9328,6232,9560
10240,3624,11112
11064,1008,10768
14592,-416,6112
17528,-752,7728
17232,-2424,6384
15552,-6120,6640
12040,-10712,7928
10680,-14112,7728
9424,-14320,6280
9400,-15480,4568
3792,-16936,1424
-3272,-10928,3656
-7824,-8968,2176
-13184,-10688,2216
-16160,-12120,1128
-16032,-12992,896
-13984,-11512,624
-7928,-8320,-1904
-15464,1800,2824
-18568,2920,2816
-13744,-1016,-8488
-17200,1440,-3136
-14792,4368,-5776
-12856,4648,-6320
-12368,7624,-7616
-8312,10888,-9872
-11600,16752,-8248
-9152,10152,-10408
-14432,9656,-12160
-9152,8272,-13032
-8152,7592,-12360
-10408,6624,-13440
-11936,7440,-11568
-11744,6664,-9448
-10800,6656,-10608
-9632,6088,-11328
-9368,6160,-9368
-11136,5048,-10784
-9904,8440,-8336
-8736,10168,-7928
-11440,10080,-10304
-4368,7720,-12640
-6592,10552,-8712
-6968,14768,-6384
-7344,15792,-7216
-6280,13264,-7936
-4592,13696,-10680
-880,14256,-3784
-1472,7680,-3488
-5960,15616,-3008
-4880,17536,-3120
-1864,16240,-1624
-1568,14528,-1960
256,17968,-1936
1304,17304,1664
4472,16784,1992
1288,13064,1824
2544,13656,1920
4104,14064,2664
6568,12960,2864
7448,14160,1064
9264,9264,-288
6568,9952,3656
7896,12536,2256
9736,13696,112
13920,14640,-216
14168,13776,656
14872,12672,-584
13160,9008,8
12256,4072,2968
12736,912,5272
19184,2864,3368
18976,800,-1600
16656,1408,-4984
14528,576,-6040
14144,-2056,-1624
17400,-8000,-4568
26672,-3576,1168
8512,-4512,-12896
11152,5920,-9720
14536,-944,-9056
19104,-8968,-4640
16520,-10344,-9640
14408,-8784,-7624
12744,-6384,-7544
10296,-8200,-5664
10664,-10624,-12280
11272,-7560,-4448
11112,-12352,-7632
10224,-10008,-7976
12352,-8192,-9368
6312,-7888,-10632
9008,-8648,-8480
7416,-9888,-10008
10256,-8328,-8376
7952,-7784,-7864
7424,-7808,-9576
6824,-9752,-8592
9024,-9792,-8232
11688,-8424,-11000
13024,-6064,-12984
10104,-11800,-10160
9536,-9176,-13264
8008,-7400,-9536
11496,-9968,-8616
13768,-9448,-8288
13144,-9336,-8792
12376,-9304,-6648
11824,-10704,-7464
12872,-10264,-5064
12952,-12104,-4680
13192,-12360,-2888
11584,-14336,2600
14960,-14328,-1288
11120,-14264,216
9912,-11080,2104
8472,-12384,2704
7336,-14144,2752
5248,-13728,6440
6352,-14424,7616
3512,-12888,8344
208,-13064,8464
-1688,-11104,8144
-3432,-10792,8976
-5000,-10968,9376
-7880,-9560,11312
-9376,-10216,8752
-13144,-8856,8104
-8488,-8664,9288
-14680,-7032,8712
-8504,-6944,10088
-11080,-4744,9640
-13488,-3776,10800
-15120,-3592,8752
-14472,-4192,7720
-13248,-2648,6608
-11808,-1408,7696
-10960,4272,7680
-12992,8688,6808
-19112,5344,4128
-17080,5592,4976
-11480,7376,7176
-19048,5640,4944
-8128,10848,3272
-14512,5136,920
-24640,-5280,-6112
-10552,17288,-1784
-9696,19528,2800
-6944,9256,-1944
-6304,15144,-1352
-4928,15152,224
-3472,17360,-3224
-3368,16120,720
-1800,16384,-824
-6208,13864,-3888
-2848,14120,1296
-2136,13832,-1816
-4640,15568,-10408
-11952,20232,1008
-10040,19504,-1008
-2048,14472,-7840
-1272,11384,-9960
-2656,12512,-8520
-6936,11768,-5768
-2088,10120,-7544
-3696,8904,-8968
-4592,11656,-10048
-7856,11680,-13112
-2296,9856,-14816
-5632,8776,-13448
-2568,8480,-14808
-5160,7736,-16672
-4528,13448,-16872
-3912,11512,-14800
-4184,15552,-17448
-4160,-3968,-16360
-6856,5928,-13872
-3064,9648,-10232
-4960,7320,-10984
-4608,9776,-9752
-5416,11680,-7320
-6848,12568,-6784
-7416,13056,-5720
-6792,15744,-3920
-5296,14384,-3544
-4136,13592,-2528
-3808,13488,-2336
-2856,14000,-1256
1272,18224,1608
3240,18232,4040
5056,20056,8672
4744,15152,5784
5880,15560,-3304
7888,12624,6488
8904,13256,4200
8432,12328,5264
10456,12776,4808
5944,7552,4480
9848,9992,3152
11008,9088,4880
12720,7240,7680
15160,6160,6824
15200,3544,6648
13216,3280,7440
14512,2544,5368
13016,768,4512
15280,-2232,4184
15464,-4368,3784
16720,-6224,3208
13960,-7040,1720
15648,-8088,-1216
14768,-8888,-944
17360,-8856,-1496
15912,-6248,-3088
15832,-4904,-3928
14328,-7208,-3488
15032,-12840,-4888
15744,-7952,-4640
19424,-4320,-4336
19144,3616,-3576
3888,-1952,-2560
2728,-11208,-7864
9552,-12632,-12944
9864,-10696,-8408
5760,-10832,-13608
6488,-9928,-11424
7896,-7344,-10080
21432,-4856,-9336
8872,-8536,-15000
10816,-9224,-14168
8520,-6824,-10976
6680,-6168,-9864
4512,-5304,-9976
11960,-4672,-10096
12400,-9216,-12656
14808,-6136,-12616
12848,-4896,-9368
13376,-6088,-9560
7776,-6680,-10688
9800,-8624,-10048
12368,-8904,-7368
11592,-9096,-7936
10992,-9864,-7432
6344,-11280,-6320
9512,-13032,-6008
10512,-12592,-4352
-1480,-13032,-4944
12928,-15296,-3728
5016,-16000,-3712
4792,-16840,-2512
4480,-16152,-768
3608,-16384,-592
2000,-14696,248
-2472,-15232,1656
-1208,-17488,2168
-584,-14152,4248
-1248,-11448,4840
-4760,-14736,5112
-6096,-14072,6112
-8936,-13464,6640
-6752,-12584,7544
-4984,-10792,9736
-5320,-12080,9464
-6672,-11984,9592
-6832,-13808,7680
-7184,-8968,7712
-9040,-10624,8328
-9768,-11512,9928
-8208,-11032,9896
-8064,-8984,9456
-8288,-5768,11400
-7432,-7544,10536
-7128,-5424,8024
-11352,-11888,10928
-11240,-6064,6416
-14360,-7440,6456
-13760,-640,3608
-14328,-176,6304
-14504,1640,3776
-17192,4352,2640
-17008,2144,4256
-16480,12992,184
-10912,13168,-3448
9696,10824,-5504
12520,31416,-3024
6232,28296,1792
3480,19968,-3584
5152,15432,-13040
3512,14256,-10224
4768,14424,-12744
3192,15904,-8632
7448,13832,-880
7944,11856,-16264
5320,9080,-10464
9056,8240,-8056
9736,9840,-6344
10448,9272,-6432
10056,9568,-7288
11112,10368,-8288
9840,8632,-6936
7504,7080,-6888
6448,10096,-6952
10984,8944,-8808
10968,8584,-8928
9408,6408,-8832
10320,5712,-9768
3656,26232,-2128
11728,15912,-9016
8872,12976,-7824
10288,16664,-3424
10456,14376,-4912
9456,13440,-4672
8816,15432,-5176
10680,13136,-3648
10080,13168,-1424
10160,13736,2520
14952,15856,520
10160,12880,-1104
12912,11152,992
13584,12272,1064
14016,9856,3736
14456,10776,5456
14040,9888,6272
15464,8144,7536
14752,8824,7264
13568,5752,6248
12712,1352,7752
10472,-1784,5968
12088,-7024,6664
6240,-8936,6368
12680,-14832,6000
-3784,-26056,3000
8264,-27968,3920
2024,-17264,6640
-5728,-5816,13816
-3880,-13128,12520
-27912,-11152,7488
-11808,-6176,4592
920,-10728,1352
12240,-15208,2272
32767,-32768,-9080
160,-8544,7136
-1384,-13176,7224
1360,-12664,8528
3960,-11840,11600
6968,-11536,12112
7952,-11352,11576
9240,-9536,10552
12224,-10248,9112
12480,-10432,9256
12088,-10584,9440
12424,-10528,8568
10656,-10056,8712
10272,-10640,8584
9728,-10984,9656
8840,-12192,9736
8480,-10680,10408
7544,-11056,9552
5752,-11672,10016
6552,-12048,9256
5624,-12032,9672
5104,-11568,9344
4840,-11792,9288
7768,-11984,8920
5472,-12832,8832
5408,-14544,9240
4608,-14608,8776
4528,-14672,8416
2152,-14104,8768
5728,-15144,15832
1760,-15520,9472
1472,-14656,8816
4904,-14272,8336
7080,-13864,9328
5800,-21632,-16520
-32768,15176,15376
2344,-25752,7144
-4384,-17880,4504
-5128,-14632,5960
-4120,-12080,6896
-5240,-8968,7752
-6248,-10264,6752
-7880,-11608,10544
-11176,-15912,4664
-11576,-19632,1000
-10008,-15600,6296
-10720,-11752,2152
-7608,-11904,2808
-8880,-10656,1872
-9104,-13904,1272
-9624,-13760,48
-8888,-13544,-1344
-9656,-10608,-3288
-11968,-8240,-3520
-11000,-8272,-5216
-11224,-7976,-8264
-12520,-6848,-8728
-11736,-9656,-9176
-14232,-1072,-14320
-11752,-4808,-6960
-11896,-3784,-10232
-10872,-3960,-13376
-10848,-5144,-12112
-7232,-4568,-9072
-7256,-4200,-9120
-9920,-5808,-12480
-8384,-6424,-12848
-6608,-7280,-13472
-7720,-6192,-12984
-4936,-7344,-14360
-12552,-1392,-14608
-8128,-7144,-12248
-7240,-8944,-13400
-5920,-8640,-14760
-7304,-6128,-12656
-9088,-7872,-13432
-9256,-7664,-10568
-5432,-6640,-7448
-8184,-5648,-10216
-11520,-8976,-13400
-13384,-6080,-11248
-11888,-2368,-7872
-10280,320,-6136
-13040,-1552,-6320
-17912,-6784,-8208
-19072,-5280,-10064
-18240,-5312,-6480
-12512,-3744,448
-11000,992,-3448
-12960,-2136,-640
-14448,-1808,-304
-15432,-1480,920
-15208,-1528,2016
-15400,-1400,2760
-14880,-496,1952
-14648,-416,2320
-15688,-1832,3232
-15768,-1432,4680
-15760,-1872,4552
-15160,-624,4608
-16360,-176,6224
-15920,232,4960
-12848,1616,6712
-16192,3312,5536
-16336,3904,7640
-16496,2568,7400
-13904,4736,10216
-12864,3976,7712
-19504,-664,4024
-12320,6496,6360
-14688,8168,6816
-12528,7736,9056
-11648,7368,7344
-9912,6872,6160
-11480,9440,4856
-10984,7176,5392
4088,816,-11136
-11616,18368,15184
480,15144,848
-744,17144,1856
2424,16352,2320
3576,16120,1696
4464,17440,1112
4496,18056,168
7120,18696,-48
6920,15952,-888
6144,14192,-1696
5392,14328,-2096
10568,10312,-5552
11040,13568,-4184
9032,13656,-6528
8504,14552,-6512
7992,13616,4584
11496,10208,-6600
12752,12936,-5984
12664,11672,-4856
12200,11992,-4072
12088,10520,-4928
7392,4616,-4544
12208,8584,-5480
13560,7320,-5272
14320,5904,-4272
14808,6264,-4712
14152,7832,-4872
12872,7912,-4264
13848,5800,-3808
15528,7264,-3496
15968,8152,-4240
14912,8912,-6224
15104,9872,-9480
16160,11480,-13528
16680,12800,-5728
14192,9936,-2328
14528,10784,-2096
14968,10872,-1672
14472,9368,-2464
11936,8432,-496
13136,10640,800
12824,9528,1496
15208,9976,904
15096,9504,1736
15848,9496,4224
14872,7320,6464
14640,6712,8416
13248,6640,8464
13984,4432,7864
13544,4024,8144
13496,2920,9432
9192,5592,10440
18128,-432,10896
18608,-6296,12632
19064,2872,9328
9608,-1080,10904
12784,-1760,12176
8968,-8016,14128
6560,-5984,12288
5912,-7816,10656
5600,-9848,10512
6360,-8944,13984
6416,-11904,16824
6896,-11288,14144
3928,-12040,11728
3456,-12032,11080
3112,-12536,11312
1544,-12944,10424
-2440,-15144,9360
-1448,-13832,12400
-3584,-13848,10456
-3984,-11608,9744
-5184,-14608,8928
-6304,-16296,4896
-7856,-16768,2448
-7528,-13832,7776
-8128,-11080,8352
-8920,-14544,4544
-11904,-14256,4024
-7704,-11256,5136
-10384,-9584,4504
-12472,-3064,5072
-14280,120,4160
-18640,472,4960
-20112,480,-4744
-16152,-1176,2032
-14184,1144,1520
-11688,4584,864
-10744,9480,-1488
-12104,10136,-160
-11600,8920,-2984
-10744,10776,-4936
-10672,12840,-4256
-9792,11416,-5976
-7544,9440,-3384
-3032,15088,-6264
-2904,15304,-8968
-4856,13392,-9960
-4840,14768,-10424
-3816,13576,-9808
-4360,11304,-9024
-3808,11960,-12392
-3688,11528,-13680
-3000,11608,-12560
-1032,10160,-11248
-800,10640,-11128
-592,8632,-12480
-464,9456,-11776
-1232,8512,-13360
-2000,8472,-13464
-512,7960,-15424
-2448,7248,-14320
-1520,6352,-16680
-608,6208,-14344
-1072,9496,-15000
-3928,6704,-16256
-3768,6920,-14072
-856,6968,-16288
-3296,6152,-14536
-4248,6816,-14072
32767,7752,10448
-9744,8352,-17880
-7512,16856,-3984
-5840,12288,-12272
-3632,9416,-12624
-1968,9768,-10528
-4136,11512,-9008
-4304,13648,-9720
-6872,14104,-8360
-2496,13824,-6744
-2040,13784,-5312
-2360,14320,-4048
-496,14224,-3440
-504,16288,-2608
-176,16136,-1152
768,15280,-2120
3000,15792,-2112
3064,14856,-2712
3096,17144,-848
4824,15280,-1088
5880,14720,-1384
6616,15224,-1056
5848,15096,672
7720,14584,456
7000,14360,1736
7584,14152,1688
9264,12928,3224
9232,14240,3056
9224,13520,3896
10064,13360,4296
10400,13208,3640
9840,13312,2376
9944,12992,3944
11208,7488,4784
13560,9256,10072
16208,6184,6176
16512,7264,8320
15880,10704,4208
11608,6136,2088
12960,4048,496
15736,2608,-2096
19752,-1480,4480
27152,224,-4024
10664,-9400,-6280
18120,-6720,-2968
15152,-9416,-4552
17840,-9992,-5816
13424,-18856,-4720
14640,-12048,-6528
8744,-20536,-8128
2984,-8600,912
-2720,-6768,-328
-3576,-17328,-4400
-2432,-15216,-1176
-5784,-9592,-3832
-8200,-8384,-944
-8736,-9688,-1280
-10688,-14000,72
-9848,-17720,1160
-7120,-12496,1224
-5416,-12400,2064
-5296,-12032,760
-7784,-18280,-1960
-8472,-23416,2040
-7992,-16920,-1464
-4360,-14784,-664
-7080,-9552,-4280
-7752,-13144,-3984
-7800,-12760,-1568
-5376,-14960,2200
-4680,-14128,1960
-17840,-23008,2944
-7400,-17168,-160
-7584,-16384,-1232
-6408,-13576,-104
-7200,-14200,48
-8080,-14016,-872
-7392,-13528,-256
-10944,-15224,-2312
-12128,-11352,1840
-11288,-7744,2160
-12168,-5000,-384
-13912,-3288,-2960
-14224,-1800,-2936
-14152,-1616,-5480
-16488,2832,-5816
-13488,4224,-5088
-12848,5352,-6160
-12184,7600,-9176
-11328,9216,-8968
-10968,7704,-5768
-11632,9096,-6232
-11376,10800,-7848
-9160,9864,-10320
-7664,9912,-7552
-8120,10680,-5368
-8984,10280,-8784
-9984,12208,-9320
-8704,11392,-8448
-8696,12088,-4528
-9648,15920,-4464
-7280,12584,-3312
-6760,11144,-4656
-8160,11760,-5656
-9536,14928,-4680
-9656,15896,-2576
-8648,15128,-2496
-5264,14360,-664
-3976,14960,560
-4256,15392,616
-3528,15768,2136
3984,23192,16984
-584,17096,2416
-968,15664,5208
-72,15280,6480
1288,14560,5464
3896,15600,7040
4416,14840,7456
4600,13376,8672
4448,11696,9576
24296,11480,26304
14704,21848,7112
4488,9304,8088
6080,11120,8816
8320,6928,9536
13752,5344,7440
15784,7008,7800
15976,7704,8152
12704,5472,8976
12384,5192,8360
12744,3840,6656
15552,4720,4816
17808,5176,3640
21760,4928,4256
17496,-1504,4560
15032,-4080,4952
14016,-5344,2648
14456,-7768,208
18088,-8880,-2416
22944,-12536,-744
13824,-15216,-1752
7776,-15616,-2456
3648,-16088,-3840
832,-15728,-2560
-496,-14608,-2760
-3160,-15480,-1600
-5464,-16392,-2216
-4032,-14736,-2440
7432,-15672,-936
-11304,-5240,1800
-6016,-6536,-2888
-16104,-5112,1152
-31112,-456,-5496
248,12448,-11272
-24888,-1912,-6088
-14136,5728,-7520
-9472,4784,-9688
-10928,1800,-7136
-13328,-6072,-6944
-15856,19280,-11976
-12976,13936,-11856
-8264,8328,-12264
-5840,7552,-9992
-6968,6960,-9544
-9672,10456,-12896
-10184,10304,-11192
-9216,8320,-11352
-6792,5344,-10952
-10128,9672,-10968
-8320,9960,-11264
-6728,7768,-11768
-10552,12920,-13936
-9664,11304,-7256
-8400,9080,-7600
-8960,12000,-9376
-8808,12184,-6344
-7856,12424,-4984
-6904,13816,-4440
-5984,14400,-2512
-5840,14976,-2504
-5904,15904,-2200
-4528,14376,-1712
-1360,13136,-1408
1680,14088,56
4344,16352,2448
6160,16248,1448
5928,15360,2552
8560,12544,1840
10792,12640,1504
11176,10864,2456
12296,9472,504
13736,8408,1824
15720,8328,1040
15176,5472,888
17376,4248,824
18536,1936,976
17976,72,2576
17088,-808,1856
15608,-2496,680
12640,-5720,624
13872,-6344,-240
16520,-8176,472
16592,-10608,-1024
14752,-10696,-936
11640,-11288,-2024
8616,-10520,-1544
6888,-13672,-2280
7136,-16272,-2920
5048,-19096,-2488
3192,-17880,-4440
1600,-15064,-1528
-4016,-13472,-3152
-8736,-11464,-3232
-9456,-14240,-4408
-7352,-15264,-1624
-2776,-13904,-6056
-12120,-10216,-1000
-14232,-3008,-2136
-14712,-3800,-3720
-8616,-7464,-2304
-15072,-1864,-10320
-15984,-1456,-6344
-15784,-1776,-4760
-13208,-96,-2560
-15472,-1776,-5984
-14440,1792,-9688
-14272,4336,-7968
-8112,3072,-2560
-11864,4744,-4112
-12792,5936,-6520
-10280,2976,-17824
-12728,4152,-9224
-12416,6368,-8208
-9072,6088,-7632
-8528,7352,-5528
-10744,7464,-6288
-11640,10296,-4872
-9632,8088,-7760
-8832,7840,-8968
-11072,10152,-5048
-10120,6904,-5456
-13720,8320,-9720
-13024,10880,-11200
-11664,10040,-8712
-10120,11344,-9456
-8376,13680,-4288
-9360,16424,-6952
-9576,17808,-5976
-6048,16424,-4048
-3064,15008,-3184
-952,13176,-3200
1224,14336,-2576
1768,20824,1192
5984,17856,3288
6128,15264,3872
6480,13432,-240
8488,10008,5208
8368,11064,4120
11472,11936,6112
13016,7864,8752
11296,8952,9216
10216,7800,7464
12504,5176,8512
13800,4216,11072
14264,3208,10640
11856,4112,9160
11200,1960,10112
19664,4856,14840
14624,1760,12744
11328,-1312,10176
14856,-6520,5096
13968,-4792,8472
13456,-6488,8896
11456,-6416,8528
8896,-9008,10008
1824,-13920,8976
15800,-2552,14376
5520,-13128,11944
7296,-14880,8688
5592,-13608,6880
-2256,-15432,2048
-7232,-20656,120
-8552,-19560,1880
-7304,-19328,1952
-7160,-15184,-280
-8192,-12688,-1968
-11176,-7488,-4064
-14216,-6528,-5496
-16392,-5488,-5680
-14080,-6224,-4904
-13360,-5992,-4472
-12984,-2064,-3368
-14136,-4520,-5456
-12648,-2544,-6032
-14120,-2816,-5896
-15664,-2544,-7136
-10304,-2120,-2232
-12736,-2920,-1472
-14384,-1432,-8640
-12400,-2080,-9112
-6864,552,-7512
-13736,-840,-7256
-12376,-544,-7320
-11640,744,-8152
-12136,976,-9152
-15288,1152,-7904
-14232,-2888,-7920
-15672,-3000,-6880
-15904,-3296,-6400
-13048,1184,-7336
-11992,-1400,-7088
-13208,936,-6256
-14344,-3104,-4544
-15616,-4272,-4992
-14688,-5728,-4672
-15088,-3648,-5160
-16728,-4120,-5320
-15080,-5640,-3168
-13112,-4016,-5728
-14352,3976,-8000
-12176,6448,-4392
-15416,3088,-4632
-13880,2632,-3232
-14800,6984,-4992
-11760,6400,-2984
-12536,6856,-1744
-13232,9424,-3128
-12704,11848,-2544
-11368,14544,-4296
-13848,16496,-5712
-14152,5528,736
-12432,5192,-400
-13160,6944,-440
-13104,6384,1616
-13216,6912,1680
-14104,10952,4288
-15152,9128,2400
-14248,7776,328
-13552,9536,104
-13392,7408,3984
-12888,8304,5464
-8584,8824,7008
-12032,11976,7600
-12040,13080,5712
-12352,11640,3984
-8312,10888,1688
-6984,11688,3304
-5616,13104,8232
-5344,13888,8056
-880,15048,7008
352,13320,6624
6808,11896,6384
10296,10936,6904
12888,9720,5856
13248,11240,3952
13864,11152,3568
14624,10472,3624
16288,6328,1072
16064,3832,864
17152,1664,896
17320,392,-496
15072,-4736,712
16808,-3552,1856
15952,-12584,-2320
14752,-10968,-360
12552,-7280,1816
2936,-9752,-6600
4800,-12624,-5840
7696,-17496,-6496
4688,-18488,-5528
6216,-11824,-8024
-2072,-16584,-12992
-3024,-12688,-2760
-3552,-15448,-10408
-3312,-15016,-11592
-5480,-10992,-7912
-7696,-9856,-7944
-7016,-8464,-6832
-11488,-6848,-7768
-15544,-10352,-6656
-16184,-10528,-5520
-13776,-4960,-6688
-12776,-6168,-3760
-13456,-4000,-4856
-17128,-3224,-4656
-15600,-1080,-2792
-12264,1312,-1416
-13104,1992,-2648
-11080,9680,-1768
-12616,9896,288
-11504,10360,760
-9832,6800,1392
-6720,12384,1264
-4392,15848,2064
-2200,15936,2752
-1936,14712,-872
-408,16728,1344
-1120,14528,448
32,16744,2344
-616,15176,3000
760,14384,2008
-1368,19856,3400
712,18552,400
2936,17104,4168
1536,17032,2072
56,16960,72
-568,16928,-1664
1120,17856,320
4256,15904,-552
3480,13456,2112
9128,12736,1416
8032,12688,2296
7920,12184,-344
8872,12296,-11896
2048,12240,1704
15328,7136,-3832
11344,8312,-6136
17832,4504,-8480
17464,2944,-8720
17024,2888,-10080
15440,2712,-10136
11880,4624,-11744
16592,-6512,-11672
13944,-3568,-11904
14392,-4064,-10440
13736,-1584,-12728
11784,4064,-12672
12392,-1664,-11168
9912,-6520,-3688
15608,-4736,-6904
8608,-8384,-7272
11520,-7744,-5808
9800,-5960,-6264
2264,-12608,-6720
5512,-13616,-6232
2888,-12696,768
1864,-10848,-4088
2096,-11616,-4896
-2464,-13040,-6344
-3264,-12480,-8192
-4168,-13328,-9376
-4296,-9176,-9024
-2104,-7928,-7640
-3848,-8992,-9752
-4832,-12240,-10048
-4656,-14376,-10032
-5440,-14248,-12096
-4240,-14072,-13024
-6496,-12584,-10424
-5776,-13720,-10992
-7904,-16048,-9896
-10128,-16800,-8904
-11592,-14864,-5952
-10048,-11032,-6728
-10648,-9504,-5216
-12168,-7080,-3880
-14504,-5888,-3008
-14736,-752,-2512
-14224,-1152,-624
-15320,360,-72
-14880,3536,2128
-14200,2808,2768
-11768,7464,4192
-10000,9032,4256
-9928,11520,4616
-6464,13120,6784
-5608,13432,5032
-3912,15528,5168
-2080,14760,5552
488,16464,5672
976,14448,5320
376,14424,7240
2048,14808,5480
2288,8472,11088
4056,13392,4720
7192,15584,6040
5472,14400,4552
9024,15352,4296
8456,15672,2744
11736,15856,5808
10856,12704,1744
10672,14728,8360
8984,13424,1976
10576,12680,3032
14680,11184,1776
14232,9568,2936
14744,8672,-296
13816,5616,1104
14032,6672,904
13992,4928,1592
14960,2600,-416
17712,-2512,-1536
15072,856,-7768
17184,-3024,-6376
14992,-6176,-3880
16944,-7264,-7504
19064,-8208,-8928
18568,-7336,-8552
16088,-7280,-7656
13800,-9664,-7408
10128,-13464,-7120
1312,-17512,-6792
5808,-9504,-2072
11208,-11768,136
3712,-14744,-7656
6544,-8208,-1528
-1744,-13088,-2192
824,-13496,-136
-1520,-14672,-2336
-1600,-14008,-3960
-3176,-13160,-2440
-1840,-15808,-2016
-4272,-13696,-4416
-6232,-13696,-4912
-7152,-12208,-5880
-5984,-11248,-7664
-7704,-11256,-7944
-6896,-13104,-7504
-8448,-11968,-5824
-8208,-12280,-5504
-5528,-12840,-7080
-6320,-12672,-9408
-7016,-13592,-10184
-7264,-12520,-8904
-10280,-9288,-4944
-10280,-12568,-6544
-5592,-17312,-8080
-9208,-15400,-7240
-9144,-14888,-7000
-8736,-13120,-5576
-9992,-12008,-6000
-11152,-11568,-4160
-11464,-10096,-2480
-11992,-8576,-1800
-12144,-7072,-776
-12704,-6760,-784
-13920,-6000,896
-12656,-2080,1960
-14664,-1976,2728
-15112,392,2664
-14488,1376,2208
-15776,4848,3072
-16016,5936,5072
-15456,6872,5552
-14480,5192,7080
-15264,2832,5040
-14224,3128,5232
-13392,4088,5176
-18224,7208,8192
-13776,5248,4392
-12392,5688,5784
-14512,8368,5776
-15128,9536,6248
-10240,13856,4040
-9520,12872,3944
-8592,10816,4680
-10632,10368,6472
-6424,13984,3624
-6488,16024,5152
-6048,17016,3664
-5368,17280,8400
-3040,13872,5384
-2416,12768,2848
408,14912,3160
1472,15240,3744
3992,14336,8816
5856,16808,8160
5632,13480,1904
8224,12528,280
9112,11936,1528
12688,10640,-1784
14728,8768,-1120
16744,6456,-1048
19776,7408,-3912
15864,4104,-3664
15648,4096,-4800
13344,3144,-4112
14240,1416,-6280
17512,-200,-7584
19152,-1336,-7488
17472,-3608,-5840
14840,-3208,-6168
15704,-1584,-7312
15216,-2352,-6544
15320,-2544,-7440
14616,-2560,-7792
14224,-3320,-6736
14992,-3624,-6192
14944,-4792,-5856
11736,-3928,-5296
13096,-6608,-5760
13584,-8816,-5032
10344,-10120,-1576
8944,-7872,-3320
5672,-11616,-2144
7912,-11312,-6000
6696,-14480,-5296
7568,-13608,-2016
4680,-14312,-5504
2720,-12560,-7352
1688,-15824,-6904
5496,-18560,-6448
3312,-16672,-8368
1448,-14736,-7544
24,-13520,-4688
-368,-13752,-5896
-600,-16712,-8024
-56,-14640,-8072
-2736,-14040,-3936
-1696,-17176,-4240
-3816,-14208,4608
-10456,-21328,-12024
-6568,-14088,1976
-8920,-14112,3712
-5552,-13032,-6104
-9568,-9512,-2992
-11328,-9168,-4464
-12968,-2944,-648
-16376,-5440,-800
-16056,-2544,-2056
-17680,-176,-624
-16920,2592,-344
-16200,1624,-504
-15328,5016,-632
-16064,5200,-752
-16544,4680,832
-16008,5496,976
-16872,4744,1744
-16248,4896,2256
-16456,3752,1376
-8296,7496,2096
-9680,10664,11472
-16480,9464,2240
-11824,6808,5312
-10232,7888,2704
-11688,11480,3008
-9552,12448,3256
-9024,12464,6120
-6792,14216,4104
-7536,12208,5024
-6936,12072,6192
-2816,16560,-1168
-6568,14856,5400
-8264,15096,6416
-6440,15080,6424
-5880,14272,4496
-4056,12296,5440
-6792,13616,3752
-2984,14744,6496
-3512,14848,1024
-2520,14680,1224
-1600,13248,2784
248,15480,2976
4752,18336,5896
5112,21368,1880
4808,22704,-3168
2920,13480,-856
7208,13232,-608
10280,13184,712
14208,13704,424
15728,14072,-2680
14880,13848,-1392
14536,12680,-1560
12504,10488,-464
8592,7456,-6448
13392,7400,-2264
16648,2664,-2064
12832,2040,-2072
15832,1064,-512
15000,-648,-2912
15144,-3688,1552
14552,-4928,-3104
14608,-6072,-3704
13488,-7080,-3752
13952,-8680,-1840
12264,-8568,-2952
10968,-10136,-5224
9784,-12080,-4400
9496,-13528,-6584
7616,-11664,-5536
2816,-13904,-8400
3952,-13472,-7744
-7136,-15208,-11152
-3888,-11224,-14552
-9360,-6360,-8832
-14808,-14824,-12768
-8232,-9264,-11080
-7192,-11424,-7592
-7560,-8528,-11000
-11048,-7672,-10368
-12296,-8688,-8248
-13936,-6336,-10656
-13552,-4000,-8984
-11720,-1416,-9552
-12880,1040,-7296
-13736,4064,-8128
-13568,4328,-7568
-13824,6656,-6056
-12016,9088,-6016
-11048,9328,-4568
-13944,10840,-3880
-11536,10976,-6056
-10672,8736,-504
-8808,12536,-688
-8328,13432,2352
-7024,13400,2632
-4616,12000,4048
-7384,10976,4608
-3896,12896,1880
-2128,13432,1784
-576,14112,5384
1088,16328,3752
10120,16752,9824
28496,32767,-96
7376,11224,3088
7704,12944,1184
9384,11952,3280
9696,10408,4504
7088,10656,-600
11024,8848,24
21368,14648,7616
19336,4496,3032
19136,5456,5784
18224,5872,5912
18096,7464,4904
16536,5544,3664
14040,4344,3896
12968,-2952,1744
14576,-3920,1424
14560,-7984,632
13184,-11304,304
9776,-16152,-992
9088,-17216,-320
9480,-15888,-696
7304,-15136,-464
4936,-14800,-352
16,-14016,-1472
-1096,-13504,-2088
-4264,-13064,-1432
-7808,-12528,-2048
-8664,-12672,-2664
-10152,-10704,-6304
-11448,-10304,-4552
-10584,-8360,-3072
-10448,-8600,-3824
-13504,-8632,-3848
-15288,-9632,-6296
-14968,-7128,-6112
-12528,-11032,-7160
-13896,-4864,-3408
-15480,-5616,-5744
-14624,-10832,-5472
-16560,-7096,-2232
-15848,-5744,-2872
-13192,-4112,-3576
-13864,-4048,-3528
-16688,-3504,-2616
-14704,-2240,-2312
-15192,-1040,-2320
-16184,1952,-336
-16680,2144,16
-16888,4296,8
-15712,3232,-1304
-14168,5120,-656
-15296,7968,840
-15128,10120,1344
-11928,9880,1088
-10240,10440,1216
-9944,12328,1688
-6304,12624,2136
-5504,15144,2264
2264,15936,1096
-2240,14944,824
-2432,14872,1032
-560,17144,1416
-856,16456,2808
-1008,16152,2232
1024,17264,2536
2536,16720,544
4104,17240,416
4120,17808,2200
6176,17408,3664
8024,14560,2752
9440,14280,4912
10216,13944,2856
9672,13480,5056
9416,14832,3040
8848,7832,4712
10208,9768,5184
13560,17880,2448
11176,8656,5952
12368,7080,5960
15568,8344,5424
15984,5896,5448
13280,9568,3528
12904,9992,464
14096,3624,2616
18424,-368,2624
19728,-3648,4336
21720,-2928,2992
18400,-3544,1384
15000,-2848,1528
12872,-7160,288
12464,-7856,-616
11352,-14344,-2152
10880,-16064,-1744
9920,-16064,-2800
6176,-16712,-1528
4496,-16584,-768
3784,-14336,-328
-88,-15416,56
-3280,-16752,256
-4368,-15848,-1648
-5384,-15264,-648
-6064,-13952,-464
-8376,-7960,-264
-11792,-8536,-2776
-13680,-7408,-1992
-15264,-7272,-3560
-16656,-5024,-4768
-16432,-4024,-3896
-14736,224,-4400
-13424,-112,-4160
-15992,-7168,-7000
-12464,-8088,-5600
-15560,1056,-5016
-18280,17752,-11208
-11896,-8608,-3792
-13456,7984,-4456
-13072,6456,-5360
-11056,3880,-3616
-10104,13248,-4680
-9512,15712,-6552
-6920,13392,-6952
-9704,17264,-6264
-9136,16608,-4008
-8448,15264,-2192
-6232,16296,-616
-3536,16008,88
-400,13688,1832
-800,15104,3752
-808,15088,2848
2016,14168,3496
5016,13520,4144
6760,14152,5344
8640,13744,4464
8528,10592,3040
10112,9880,128
13576,8704,752
13240,9176,1848
11552,6616,3176
13768,4576,10440
14528,3656,1024
17064,5016,-2816
18728,1568,1528
18536,1680,-3864
6848,-7504,-11744
16752,-392,-6384
17304,-3808,-6512
21136,-2736,-5608
18824,-3488,-6488
15360,-4064,-4048
14432,-3664,-3320
13632,-3264,-4352
13240,-6408,-4240
13176,-9264,-3728
10256,-9200,-3152
7048,-8960,-2392
5720,-11928,-2424
8272,-17416,-3936
10016,-19896,-4992
9400,-19000,-6072
7088,-15600,-3992
1832,-13272,-2680
-4328,-13008,-9600
-4136,-14584,-352
-5464,-17904,-40
-5088,-17408,784
-6424,-14632,592
-9552,-9136,832
-8088,-9560,2584
-12696,-6600,1840
-12952,-6520,2496
-11520,-4400,7024
-14704,-3104,1160
-15264,-1408,-336
-14408,1584,32
-13688,4992,56
-12400,4504,-1472
-11952,5560,-2064
-12744,5344,-2224
-13304,6272,-3720
-14536,6328,-5672
-14360,4592,-8824
-14832,6952,-7208
-14152,7088,-8528
-14192,5712,-7280
-14664,9672,-9680
-13560,6752,-9640
-12888,4112,-12408
-12912,5936,-12072
-13120,6528,-13936
-12128,6992,-13616
-8744,3976,-10688
-5016,7936,-2560
-5816,11760,-10376
-6856,10816,-10016
-8104,14048,-7496
-5968,16512,-7128
-4784,15152,-6576
-2392,14536,-5896
-2000,15648,-5128
-240,15568,-4304
960,15912,-2872
3792,14136,-2056
6632,13944,-1552
6376,13232,-2112
9200,13760,1032
11504,13032,3536
11272,11776,1336
16928,8320,5672
17008,8024,4464
17256,7112,3488
16792,5000,5512
14816,2896,4832
14440,1832,2256
16224,-1312,5096
16184,-2208,6192
15920,-4064,4336
13832,-6040,7600
11400,-7016,5936
12288,-7440,5752
13408,-10688,5784
11864,-10160,5936
8576,-12176,5472
7376,-10704,6200
6440,-10856,6216
6000,-14416,7200
5040,-19136,7768
4632,-21104,5880
2944,-17080,3536
-208,-9296,4728
-5368,-7064,1592
-7824,-10408,1424
-13208,-13528,256
-14744,-16656,-704
-14112,-15192,-856
-13592,-11592,-2224
-13384,-8560,-3616
-15632,-20088,-7496
-14072,-6176,-4432
-14776,-4416,-3256
-16640,-360,-5040
-13424,1040,-5496
-12552,1424,-5360
-11624,672,-6256
-12848,2576,-8072
-13232,5816,-7744
-13752,7936,-7000
-12176,10552,-8760
-10080,7312,-10672
-9320,7112,-8664
-9680,-4592,-14880
-10576,4480,-10888
-10000,6832,-9928
-11336,7440,-10304
-8232,8392,-10168
-10512,10440,-9976
-10944,7264,-10712
-10440,8360,-8304
-10080,6120,-3296
-13152,8648,-9320
-12200,6616,-6704
-11768,7848,-6784
-10512,8008,-6280
-9880,9384,-4472
-10608,10536,-4272
-8720,11232,-2768
-6184,11856,-1936
-6296,13392,-5080
-5504,15680,352
-2856,17024,-1480
-3192,17432,-704
1032,17040,600
1864,16176,816
2568,16584,1160
5144,17160,2024
7072,16168,2392
7032,15240,2192
9576,11768,1296
11136,10232,3512
13560,9536,2824
14672,8432,1712
23888,4280,7144
16088,7608,-2224
17456,4136,3944
15768,3600,720
15792,2688,4992
15344,408,6728
14880,-752,5328
14008,-3584,9160
12544,-5736,3272
13464,-7032,2000
13664,-8712,2136
12664,-10536,1304
10456,-10584,3024
17504,-19048,4112
8408,-16584,1984
9776,-16720,2408
9584,-18536,2232
5608,-13720,2376
3480,-13992,1640
272,-13832,600
-2584,-16744,3512
-1952,-16800,1352
-3856,-15032,544
-4176,-12224,-280
-5576,-12016,-1264
-6968,-11120,-2312
-11040,-10944,-4248
-12632,-10376,-5456
-11256,-10272,-3832
-14912,-9368,-6152
-11984,-9416,-6800
-11712,1960,-8736
-11768,-4824,-5856
-16648,-3576,-3584
-17672,-240,-14344
-13192,-2592,-9680
-19144,1496,-10584
-11664,-2224,-13288
-13480,-4704,-7896
-12176,-3864,-8232
-11336,-3944,-8832
-11904,-3584,-8928
-12568,-4888,-8080
-11456,-4128,-11024
-9432,-3616,-10040
-8920,-3176,-7208
-8920,-4728,-8960
-10112,-5472,-10968
-10512,-6816,-11104
-10824,-7528,-10896
-11280,-8960,-11136
-10040,-8936,-10184
-6688,-6024,-9760
-10096,-10120,-10600
-10760,-9296,-7976
-7616,-10448,-8008
-10616,-12056,-7896
-6808,-10576,-8304
-11320,-10992,-8720
-8440,-11976,-8824
-10000,-10000,-7600
-11520,-5632,-8400
-10624,-8008,-5816
-12480,-9384,-6328
-15816,-6840,-5320
-15464,-5144,-4168
-15608,-2912,-3112
-14992,-2976,-3432
-15624,-4544,-2728
-17104,-1832,-680
-12056,2552,2976
-13384,6528,808
-12576,5112,1304
-13136,3912,2712
-12024,4640,1544
-11960,15384,248
-11152,11784,168
-14824,10816,192
-13696,14336,2344
-11648,14472,672
-9704,13032,2048
-11568,12336,4824
-10280,10008,5224
-11376,10696,4944
-11352,11480,4632
-9960,13552,6208
-7768,12720,11088
-7056,11976,5528
-5200,12352,6320
-6224,12080,6080
-5960,13832,7208
-3968,16272,7776
1096,19824,7544
7872,20296,9856
-3192,7040,-1456
3360,16360,7104
3888,14216,1504
7008,15320,4072
6304,16032,1704
8336,17968,-1248
8672,19400,-520
9496,17216,-312
9416,16896,-1208
9816,14408,-4016
-19264,13192,-8800
23504,13536,-3976
17024,4768,-4352
15736,4000,-5688
14880,2648,-4088
16320,1664,-3080
16904,1512,-2528
15648,776,-1832
18216,-952,-3904
17360,-3576,-1920
14712,-5416,-2104
14304,-7080,-1704
13072,-8128,-1656
11512,-9808,-2088
11976,-11864,-2160
9632,-11408,-2736
6664,-11952,-3144
3728,-12432,-4720
3984,-11496,-5176
1016,-12944,-8896
1768,-14808,-6608
-296,-17568,-8824
544,-15616,-7696
-1968,-12984,-6312
-4112,-14400,-6840
-3640,-13976,-7536
-6600,-13888,-9608
-5296,-12272,-2472
-12856,-13736,-7424
-8440,-12248,-7424
-14160,-9600,-9336
-14456,-8872,-7984
-15672,-3264,-5752
-12808,-1600,-4088
-15104,40,-3128
-18032,904,-3360
-15912,3472,-2464
-14112,5304,-1368
-12776,7568,16
-11280,9496,1416
-9176,8576,2952
-6696,12776,800
-6136,14032,4240
-5920,15832,5272
-2008,17512,5816
-1744,15184,5888
2200,16528,7512
3632,16616,5688
4160,15480,8104
4968,14472,7072
6096,11976,8992
7512,11208,9144
8224,10488,7584
10680,10864,6584
11528,8592,8640
12848,5104,9120
13392,5864,7104
13040,5760,6240
15792,5776,4880
17984,5496,3992
16512,4264,3872
15952,2408,3048
15392,-1200,1464
18360,-528,1008
20192,-1528,624
20080,-3208,816
16480,-7120,-712
14312,-10368,-520
10744,-11312,-848
9256,-14376,-224
8392,-15632,224
6720,-16368,-944
6192,-14224,-688
2248,-15216,672
-1456,-14888,1576
168,-14464,-296
-4952,-13376,32
-4816,-13680,664
-6248,-11440,1424
-8640,-12912,1456
-10872,-12008,1648
-11904,-11952,928
-13664,-9632,832
-13104,-9352,344
-12344,-6664,1368
-13280,-6912,440
-14936,-6864,280
-16272,-6104,-16
-14880,-2968,48
-13104,-2072,352
-14904,-1872,-120
-16280,-1264,-1008
-17416,-1776,-2664
-17592,-1128,-2312
-16048,2336,-2688
-18896,1584,-3088
-17112,-1464,-3744
-18080,3568,-3328
-18864,6656,-3808
-19016,7120,-4232
-17016,5816,-6104
-16672,5496,-2768
-15584,10896,-2824
-16024,3968,-7912
-9696,14920,-816
-9080,12600,-824
-7472,13360,680
-7216,14424,560
-5856,14992,776
-4632,15336,1648
-2608,15016,2392
-480,16200,3680
1800,16448,4464
2968,15672,5088
4448,13664,4224
6120,13056,4512
9960,12688,4888
10264,11584,6192
10912,11312,6624
10464,11360,5736
11352,9200,4544
13744,8800,6448
14672,8048,4152
14896,7176,2552
15280,6920,3392
14728,6464,2552
15288,6832,2624
15256,6344,2064
14952,4568,1632
17480,5352,-784
19408,5760,-240
19400,5816,-1496
18072,4248,-480
16768,3416,432
16848,3168,3256
20784,-4688,-120
15904,4056,0
18560,2512,680
18648,1696,1104
18544,1128,112
16856,3320,-296
14960,-928,472
14552,-2048,480
13768,-5584,2008
13376,-9512,3216
15528,-10528,2240
15392,-8288,1832
11272,-10832,1456
13440,-10000,2272
11672,-10672,2032
10824,-9624,2592
8272,-11368,3232
6240,-13992,3200
864,-15672,-744
-1768,-18264,-1360
-848,-14672,1552
-2000,-15976,2696
-400,-13912,-1360
-992,-13560,-984
-1296,-15416,-888
-1608,-16832,-6656
-3152,-17280,-6304
-3784,-15984,-6192
-3544,-14296,-5600
-4024,-13344,-5832
-3144,-14064,-6584
-2432,-14184,-7056
-2912,-13288,-7744
-2760,-12576,-8080
-1840,-13128,-8712
-944,-14488,-10064
136,-14320,-10176
-184,-15792,-7752
-480,-15472,-7024
-152,-13904,-8440
-576,-14656,-8624
-1200,-14488,-8792
-2328,-14072,-8760
-2128,-14040,-6568
-1592,-15672,-7792
-1792,-16048,-6960
-3304,-16968,-6224
-3576,-18104,-4464
-3496,-14504,-4200
96,-10688,-7432
-6496,-17528,-280
-6832,-13680,-648
-4832,-15384,-1256
-10808,-8912,-4000
-9224,-10352,-2224
-12008,-9400,-1104
-15912,-8800,-216
-13880,-4048,-1576
-16448,-1472,4808
-15552,-2328,1320
-14936,-24,5680
-14344,-2496,5200
-17344,328,6704
-15392,656,4712
-12568,640,2928
-13304,-264,4288
-14656,2696,4160
-13680,5600,8056
-15840,4104,7256
-16176,5088,4992
-10560,4688,3256
-13016,3824,5288
-12568,8688,4968
-8568,8280,1760
-12952,13032,5400
-12768,12152,2344
-5160,5616,-464
-12256,24392,7920
-1312,15176,4784
-3528,19760,5000
-2144,16880,448
1248,15768,2520
5920,17176,5408
8368,16608,2128
9480,17704,1368
10632,16728,1112
11248,15064,528
11376,11744,-32
12240,9856,200
13688,9416,-48
15208,8984,520
15224,8776,-8
15680,6200,-600
16088,1920,888
18816,-3576,-4152
15920,-1448,2168
17896,-224,7584
20944,-6584,-7328
13608,-1384,-2264
15128,-1128,-968
16904,-5648,-2224
23088,-9736,-8520
22920,-6816,-8296
17680,-8736,-3584
15488,-7640,-13208
14824,-8736,-7088
13528,-5824,3448
10960,-8464,-3096
12024,-11648,-2248
11240,-10816,-3168
11472,-11752,-328
10416,-11456,-3480
12032,-12112,-2760
12328,-15080,-3488
9832,-13856,-1768
9272,-16440,-1848
7736,-17416,-1432
3464,-18072,-1160
3512,-17528,-2024
3424,-17560,-1952
296,-18640,-1376
104,-17072,-1232
-2408,-15176,-2152
-5664,-13888,-1864
-4440,-14416,-2544
-9416,-11600,-1664
-10392,-9400,-120
-10720,-8240,-168
-12048,-6352,776
-13888,-6264,2960
-15280,-3008,296
-15704,-1208,2704
-16592,160,4512
-17296,-2216,-2784
-16160,4936,4584
-17312,3376,2864
-15328,2456,3312
-16680,4080,-1576
-13416,3544,5424
-14104,5808,4896
-14184,9512,10112
-12952,2304,952
-12608,4248,6696
-10536,2016,3248
-10248,14600,13592
-10592,14392,15272
-9520,12488,2776
-7456,12784,8432
-5792,12040,7680
152,11960,3464
2120,15072,6552
4592,16328,8216
7856,15680,4408
7160,13664,4872
14440,15712,-488
13200,10936,-512
15648,13080,2136
14840,13280,1088
16448,11664,1816
16280,7832,1416
16808,5816,2680
15184,3616,2288
15128,1672,-48
16280,2184,3456
16128,1056,-784
15440,-2400,-1680
16400,-1984,520
16568,-7144,-1960
16760,-5184,-3768
15488,-6304,-6472
17640,-5296,-5104
16696,-5208,-5440
16624,-7096,-5000
15144,-6912,-3568
14976,-7704,-4616
16456,-9136,-3176
15536,-8560,-4208
13680,-8552,-3696
12736,-8424,-2968
12792,-10680,-1696
15192,-10856,5240
15408,-9296,-2760
12704,-9968,-2840
11712,-11584,-216
11808,-13712,1208
10840,-14432,2968
9328,-17024,2000
6520,-14056,2024
5656,-13856,2944
4944,-15296,2864
2752,-14232,3736
1888,-14528,5360
-960,-14528,6240
-3848,-13080,6048
-5864,-11896,5688
-8040,-10352,4864
-9976,-8320,5968
-11352,-7944,6448
-12304,-5912,4752
-14056,-4288,4648
-15840,-3288,3024
-16224,-2064,2504
-16952,-1584,2328
-18128,-680,-424
-17520,1872,3304
-16552,1064,1040
-17088,96,6208
-17416,4416,5400
-15224,3192,4976
-15016,6136,3528
-12672,3416,4584
-14312,5896,4880
-13568,5112,4784
-12328,6888,4136
-11848,6144,1520
-12488,7968,4040
-11384,8136,3472
-11488,12744,8928
-7200,12568,2144
-5168,14792,4680
-3520,15232,5856
-1744,14928,4208
-1096,13680,2272
4280,14232,3536
8312,14976,3344
10856,16376,4728
10016,17288,3160
11096,14680,2920
11872,12792,2544
12720,11120,1504
13728,7056,616
15960,3912,248
16760,2960,672
17448,-40,-1160
16344,-2800,-3184
16712,-2664,-2216
15384,-4296,-3744
14632,-3912,-2120
14200,-3744,-1824
15872,-4352,-3120
14360,-5000,-2944
16016,-5976,-4200
14440,-8296,-5672
14184,-6984,-3664
13328,-8568,-6464
13152,-8744,-7808
13376,-9312,-6752
12528,-9536,-6888
13240,-9040,-3784
11672,-9792,-5848
12408,-10744,-4696
11608,-9832,-4144
12544,-10224,-6536
12496,-10096,-6024
14360,-11920,-5968
16440,-12488,-4272
15816,-13544,-4304
14136,-12648,-4208
14408,-13896,-2736
12168,-13232,-2280
7624,-12920,-496
7984,-15088,2408
7168,-15336,2736
5336,-15376,3504
2456,-13952,3312
-480,-13672,4856
-4472,-12288,4680
-6880,-11360,4176
-7920,-10064,4136
-9584,-8736,4472
-10728,-7064,3176
-11608,-4864,3520
-12800,-2160,3184
-15392,-2496,680
-15896,-4520,-984
-16040,-2696,-2960
-14296,-3512,-5336
-17024,2488,-2480
-18000,56,-5312
-17856,2152,-1800
-20296,2608,-2312
-16000,1360,-1016
-16288,1088,-1536
-13728,136,-1120
-15592,656,-3088
-12488,2808,-1688
-16288,7880,1680
-10632,13384,-504
-9248,5440,-4328
-1112,4096,-7464
-6840,16216,-3176
-10672,21608,4936
-6904,10528,-1736
-2488,15832,-3320
-3992,18208,-1936
-4176,21080,-2640
-288,19160,1520
3336,14936,-9520
6296,16584,-6256
7200,15072,-7560
8320,14376,-7816
-4952,19688,-392
6752,11304,-7832
8432,13184,-9096
8312,12920,-8840
12328,9720,-8976
8800,12704,-6448
8520,10592,-6552
10624,10328,-5936
14232,10488,-6320
14408,9840,-7808
13472,7608,-7256
10112,4448,-8320
11360,1712,-6904
13168,3440,-6704
16016,-48,-1056
14568,4872,-3912
14480,2080,-1648
13472,2232,-6080
13840,16,-1920
16504,-2824,-3456
16472,-1096,-1768
16544,-1416,-7616
13296,-1136,-6664
13024,-2080,-5672
10472,-4440,-5680
15072,-4056,-4928
14040,-6056,-5992
10448,-3352,-7544
12688,-6376,-10040
12576,-6360,-5928
15496,-7640,-7232
14488,-5304,-6560
12536,-7592,-8320
12128,-7168,-9912
9224,-7896,-6976
12448,-9040,-6656
13752,-10312,-3632
13096,-13872,-2960
11528,-14832,-1584
10256,-14664,-984
8048,-13432,-792
6992,-14328,-632
4928,-14592,-368
3264,-14896,-712
2360,-13264,656
3808,-15912,1696
4760,-17656,2416
2816,-16848,5648
-1768,-16328,3056
-5576,-14448,2872
-7368,-11872,1264
-7920,-10800,688
-9384,-10280,1304
-9112,-9664,2672
-12624,-9888,248
-12568,-8576,1608
-14448,-8600,-312
-16320,-4360,2520
-16448,-2944,1432
-16352,104,3592
-15632,-4952,1248
-14216,-2328,-288
-15744,1448,4920
-14680,1824,6096
-12800,3488,2688
-13080,3824,2880
-12016,4808,3792
-9664,7720,3608
-14744,7424,3248
-12000,11184,3592
-10088,9136,3528
-7720,8368,1472
-6712,17344,4944
-5464,13888,2264
-7136,17704,3528
-5376,15936,1472
-264,18464,4008
400,17784,2168
7984,16864,3112
10688,17144,3616
9720,18392,3224
8112,16248,1624
8320,13208,1440
10312,11040,216
14200,7248,-144
15624,6536,-1392
18608,5640,88
19456,3376,-528
16768,1656,-2568
16640,-1200,-3408
16888,-784,800
17152,-3344,1880
16856,-3088,-3616
16680,-4960,-3296
13976,-6024,-5456
12960,-6360,-4656
12704,-6760,-6056
12560,-7104,-4896
14808,-9240,-5800
13744,-7304,-4968
13720,-6792,-5512
11544,-6856,-10248
14176,-7368,-6112
14320,-8632,-2912
17680,-12368,-16712
12216,-5488,-6728
12232,-7968,-1344
9320,-9408,-7744
12520,-12240,-7304
13056,-11224,-6720
12448,-12320,-5752
12400,-12792,-3840
10976,-13088,-1608
8800,-14088,-2040
6344,-15256,-1504
5984,-15896,-656
5768,-14400,-1160
4232,-15000,992
2512,-15552,1112
-264,-16552,1128
-3008,-15160,1000
-4280,-14000,1568
-5688,-13984,2008
-7872,-12992,888
-8888,-13416,648
-9512,-12072,856
-7720,-12096,-1640
-13384,-7712,-1992
-9480,-10088,-512
-14128,-9304,-1928
-15072,-5640,2000
-14920,-3976,1248
-13264,-6184,-688
-15816,-264,3184
-12816,1952,4832
-16784,5752,7888
-16320,2128,3232
-13408,6640,5864
-17136,10368,7968
-12464,6112,1032
-10264,14064,8416
-12088,12880,5048
-8288,15328,6280
-8280,12488,5784
-5640,12336,4096
-3168,13176,7600
-3152,19840,3832
-1048,20584,4584
-216,18368,-1016
3744,19424,2632
4512,15568,944
7936,15840,304
10016,15912,-1456
12424,12864,-1176
16688,14432,-728
16864,13432,-1616
14704,10528,-2032
12872,7392,-3496
13408,3712,-3040
16528,320,-2288
18936,-2160,360
18360,-424,-504
13416,520,-5448
13088,-2968,-1752
13744,-5288,-2696
14992,-5984,-1552
15656,-6976,-2992
14912,-6344,-3000
14880,-4576,-2000
12392,-4576,-3848
11424,-7840,-8720
11376,-7720,-6784
13392,-7232,-7000
13680,-7864,-5960
15424,-7624,-7720
10136,-9224,-10216
12872,-6504,536
15176,-9128,-11328
13424,-8104,-7920
13728,-6168,-10536
15288,-8968,-9040
15512,-9216,-7608
15528,-8712,-8856
13496,-7248,-5456
8928,-4056,-6920
3400,-10656,-4776
9080,-11696,-5824
10512,-13928,-8488
17608,-16912,-5000
10552,-14240,-3024
8672,-15552,-4352
8592,-13600,-3304
8640,-14232,-2272
7728,-15248,-2160
6752,-16240,-1224
5200,-17208,-544
3304,-16208,-152
2120,-16256,0
-2944,-15648,1456
-4976,-15208,2088
-6768,-13184,2648
-8840,-10904,2328
-8776,-9216,2992
-9592,-7624,2944
-11936,-5664,3544
-13456,-4888,2560
-13648,-3544,4072
-14336,-1064,1400
-16664,-472,5024
-14032,1440,5104
-14336,-56,584
-14216,1624,296
-13568,2120,4144
-14104,4928,3560
-14768,7664,1176
-13792,11000,5256
-9632,10640,2040
-14456,12464,632
-9784,10136,5016
-12568,12696,1280
-11336,14160,1848
-6768,12360,-2160
3216,12424,-3136
-4216,17112,6600
7928,5120,-20696
-16,27552,4592
736,24536,-1840
96,20104,-2544
3624,15416,-928
5336,12080,-64
9160,9728,648
9728,10832,544
11432,13888,1128
14736,11720,208
16184,8960,496
16272,6728,816
15960,5176,632
17896,3824,2216
18112,2464,1880
15480,1784,2376
14984,1640,2056
18168,-2008,-1672
15032,-2008,2360
15584,-5712,1720
15944,-7072,2344
14056,-5696,5920
14912,-6976,1400
11776,-7632,2328
12328,-8840,-224
13048,-8984,432
12392,-11824,-1832
15576,-10448,248
15120,-8584,-1080
17480,-11736,-6224
13472,-9624,-3336
15704,-10136,-3376
15400,-8256,376
15560,-10272,-2800
13800,-9120,-4936
12768,-8824,-208
14496,-13312,1064
13360,-12376,2176
11600,-13576,4456
9032,-15432,1744
5384,-14912,3032
5656,-14080,1040
2288,-15976,1848
1680,-14832,2672
1776,-17384,3432
3136,-17176,4464
1832,-15768,4240
-1936,-14880,3696
-3320,-16128,4464
-4336,-16408,4488
-5528,-14640,5416
-7872,-13160,4352
-7880,-11384,3448
-9776,-11040,3200
-11168,-10288,2368
-12088,-8800,3504
-13248,-7536,2256
-13648,-5792,656
-14616,-5504,184
-14880,-4248,808
-15224,-3272,-352
-15240,-2144,976
-14616,152,1416
-17144,-1384,3160
-17776,1080,4304
-16328,1328,2576
-17216,2456,4512
-14864,1840,2192
-15496,1896,-904
-14296,2808,168
-16808,5592,3696
-13600,7840,448
-12752,6536,4968
-10784,6736,1296
-13432,13200,-1136
-13240,5512,1904
-7504,11056,5744
-5448,17720,4936
-7184,19080,7072
-5176,19680,2040
-3624,16840,3216
-400,16432,3672
1576,16560,3352
4336,17160,1896
6984,13696,1288
9048,15512,1112
9864,15384,568
12888,15128,8
