129,285,-75
119,277,-77
112,284,-86
115,283,-83
117,275,-85
121,271,-77
120,284,-80
117,273,-81
122,284,-78
109,279,-77
119,275,-75
111,277,-79
119,277,-79
121,281,-83
122,276,-68
117,275,-83
125,275,-69
135,277,-79
128,274,-82
126,274,-94
134,280,-86
129,287,-95
137,305,-113
143,303,-131
154,306,-148
154,314,-158
165,317,-173
186,310,-186
187,323,-205
192,316,-226
196,314,-250
191,311,-253
205,301,-275
212,273,-297
223,273,-309
218,262,-312
221,263,-318
232,240,-326
243,233,-331
246,222,-334
265,219,-337
270,198,-340
272,194,-338
279,189,-345
282,182,-350
279,175,-355
283,167,-349
284,160,-356
290,158,-354
296,152,-338
297,137,-357
312,138,-338
310,130,-344
315,129,-327
312,140,-344
319,139,-335
314,132,-340
314,128,-338
307,129,-359
304,142,-358
298,136,-366
300,144,-374
294,146,-372
296,146,-374
297,155,-381
299,155,-377
294,154,-382
285,175,-389
287,173,-395
270,178,-394
287,181,-379
300,174,-380
325,187,-353
334,178,-326
344,184,-298
351,145,-255
358,106,-194
341,83,-149
320,74,-116
304,98,-80
288,106,-58
264,114,-46
235,125,-19
201,143,-19
156,172,-14
121,211,-21
94,218,-40
68,222,-56
53,231,-61
52,244,-82
42,254,-94
37,269,-121
28,272,-144
36,282,-154
38,292,-186
62,298,-202
68,308,-222
91,321,-227
88,308,-232
93,323,-241
108,320,-280
113,321,-271
117,317,-287
106,302,-321
111,293,-327
103,287,-345
110,280,-352
105,283,-365
103,283,-367
112,274,-376
109,285,-387
106,272,-388
100,270,-392
109,271,-403
119,267,-397
128,260,-406
143,259,-409
157,239,-419
153,237,-425
151,233,-435
162,208,-434
168,198,-434
171,197,-447
164,184,-440
176,180,-450
140,178,-460
106,178,-452
64,178,-448
33,167,-441
26,160,-438
37,165,-447
56,214,-438
61,233,-423
71,296,-376
87,308,-348
87,307,-349
86,312,-356
129,325,-330
161,321,-319
179,329,-279
187,335,-253
198,322,-224
210,314,-194
234,296,-166
241,289,-153
245,265,-135
264,266,-144
258,254,-128
263,239,-109
256,208,-84
247,171,-71
250,152,-70
241,135,-57
243,123,-73
248,116,-64
252,108,-58
255,97,-57
250,96,-70
249,89,-61
241,85,-61
234,70,-60
232,64,-60
237,53,-61
230,32,-72
224,22,-82
218,16,-76
203,3,-73
188,-12,-86
181,-17,-95
178,-26,-104
182,-44,-119
167,-47,-129
156,-56,-132
133,-49,-147
116,-50,-154
110,-50,-168
102,-58,-174
101,-61,-191
107,-59,-195
107,-61,-207
106,-66,-220
94,-56,-224
90,-62,-218
82,-56,-232
72,-52,-238
69,-57,-245
49,-49,-259
41,-41,-271
15,-31,-271
8,-28,-282
-18,-14,-282
-44,38,-312
-45,69,-321
-47,83,-323
-52,84,-314
-63,89,-303
-66,94,-306
-59,109,-313
-52,128,-334
-46,140,-336
-46,154,-340
-45,157,-335
-52,148,-334
-56,148,-330
-59,141,-317
-62,146,-308
-73,139,-299
-70,132,-306
-67,129,-311
-70,122,-322
-74,118,-328
-59,109,-341
-55,95,-337
-39,77,-361
-36,54,-362
-22,62,-380
-5,49,-385
12,56,-396
13,43,-397
22,28,-402
22,9,-391
22,4,-374
32,-10,-374
33,-27,-346
40,-36,-342
30,-50,-336
24,-46,-322
12,-50,-314
10,-56,-286
12,-60,-262
14,-64,-240
5,-63,-233
4,-64,-228
-4,-56,-206
-9,-39,-179
-12,-28,-166
-14,-18,-154
-20,-14,-154
-29,-5,-151
-33,3,-155
-37,17,-147
-38,32,-138
-40,56,-120
-38,72,-110
-38,86,-98
-31,103,-97
-30,128,-84
-20,142,-80
-20,154,-82
-16,172,-86
-8,188,-78
2,202,-88
11,223,-93
16,228,-96
22,247,-97
38,262,-106
59,265,-111
71,277,-119
81,289,-127
86,296,-130
116,298,-150
133,307,-163
144,314,-166
152,304,-182
189,301,-187
204,300,-204
219,297,-209
221,291,-227
234,294,-226
244,288,-236
258,276,-230
270,268,-236
277,263,-235
278,254,-244
287,241,-241
299,241,-229
298,226,-230
310,220,-238
309,205,-245
316,194,-252
322,184,-250
316,174,-262
315,161,-273
316,138,-272
312,124,-276
310,110,-284
294,108,-276
303,66,-278
291,77,-275
277,63,-279
262,44,-297
251,49,-291
244,24,-280
247,15,-281
241,15,-285
235,3,-293
221,3,-301
217,1,-325
214,-2,-326
209,-9,-331
214,-20,-322
213,-25,-329
215,-21,-335
211,-17,-353
213,-23,-333
206,-30,-330
205,-33,-323
206,-40,-324
210,-48,-322
203,-51,-321
202,-52,-308
186,-66,-322
181,-51,-323
190,-58,-328
192,-52,-324
193,-45,-345
184,-38,-350
183,-39,-359
182,-36,-374
181,-21,-381
193,-9,-385
185,-9,-403
188,-4,-402
180,6,-402
179,21,-418
175,23,-421
180,28,-424
181,35,-427
181,41,-431
191,43,-431
197,49,-425
199,47,-419
212,46,-422
219,43,-429
221,43,-417
229,37,-415
234,38,-412
243,33,-399
242,26,-400
258,22,-384
257,19,-375
258,-2,-370
256,-14,-348
263,-33,-327
251,-49,-297
242,-60,-264
222,-78,-236
204,-80,-226
188,-92,-206
175,-91,-207
167,-93,-195
147,-85,-193
136,-82,-174
156,-80,-154
172,-73,-127
178,-68,-120
170,-50,-102
156,-34,-75
158,-36,-76
165,3,-51
166,26,-30
154,50,-28
145,79,-25
135,95,-21
124,120,-20
112,148,-12
96,170,-26
85,199,-35
68,214,-42
65,235,-69
63,249,-79
73,275,-103
67,287,-127
78,296,-142
90,318,-164
96,328,-192
101,323,-209
112,324,-218
107,327,-249
107,307,-269
117,301,-285
113,295,-283
109,291,-305
130,290,-304
142,284,-316
142,282,-330
158,284,-324
161,276,-336
174,280,-330
172,266,-344
185,261,-349
189,261,-363
193,253,-367
202,246,-368
208,254,-376
222,248,-362
223,245,-363
225,239,-369
229,241,-379
243,243,-365
243,245,-361
264,238,-362
256,236,-372
265,233,-369
257,221,-379
254,220,-384
261,217,-387
259,209,-391
255,197,-395
249,197,-401
248,202,-406
228,208,-420
210,208,-424
218,204,-426
202,208,-428
195,203,-429
205,209,-433
207,203,-429
208,206,-428
204,218,-430
200,218,-426
199,242,-420
197,241,-423
216,250,-404
229,245,-397
239,243,-395
243,247,-393
261,253,-377
261,251,-367
259,263,-377
269,257,-363
282,256,-350
301,253,-335
302,260,-312
300,268,-300
305,265,-285
302,264,-274
305,259,-243
297,269,-233
309,269,-215
299,261,-199
298,264,-186
289,257,-163
285,253,-149
285,241,-127
282,234,-110
260,236,-100
260,208,-82
253,197,-63
231,177,-55
217,155,-41
198,136,-32
193,123,-31
182,114,-22
156,98,-30
146,92,-34
128,84,-28
114,74,-36
96,66,-40
77,49,-51
38,64,-66
30,72,-78
9,73,-77
-6,84,-106
-12,96,-110
-39,109,-141
-42,116,-158
-38,116,-170
-41,117,-187
-48,112,-212
-48,124,-222
-44,122,-230
-34,128,-248
-36,128,-248
-39,137,-263
-45,143,-271
-45,155,-279
-41,153,-283
-32,170,-294
-30,178,-312
-32,182,-316
-30,186,-320
-24,194,-328
-33,185,-327
-28,200,-332
-15,207,-329
-4,230,-322
-2,244,-328
0,248,-328
2,250,-330
5,247,-327
14,262,-346
15,267,-337
22,274,-346
34,274,-346
28,280,-346
30,278,-342
34,280,-344
41,281,-343
42,282,-354
42,296,-350
48,290,-348
50,288,-356
66,298,-360
57,289,-361
62,296,-362
69,289,-365
77,285,-367
71,277,-379
64,264,-380
60,264,-398
48,256,-402
40,234,-412
21,223,-415
33,229,-407
30,232,-405
24,234,-412
29,237,-405
24,238,-400
27,241,-395
27,249,-393
34,268,-382
41,269,-377
46,296,-360
44,308,-346
53,317,-317
80,338,-308
85,339,-281
103,347,-265
118,340,-248
133,349,-237
147,343,-223
161,343,-221
184,332,-212
192,324,-204
216,316,-194
228,298,-178
247,287,-153
245,263,-129
246,244,-98
232,232,-80
230,208,-64
225,181,-49
224,156,-48
235,149,-45
218,118,-44
227,108,-36
215,87,-45
202,72,-44
196,50,-42
166,38,-56
137,25,-63
109,13,-73
79,9,-85
68,12,-94
42,12,-106
32,6,-122
25,13,-129
13,9,-157
11,9,-165
0,8,-184
-2,2,-192
1,9,-205
-8,22,-224
-18,26,-238
-16,30,-252
-17,29,-265
-16,26,-290
-11,37,-309
-6,40,-316
-2,36,-338
-2,50,-346
-5,71,-361
-10,102,-362
-10,106,-366
-2,84,-368
-3,87,-383
-1,97,-381
-15,105,-371
-13,119,-371
-25,123,-365
-18,134,-370
-25,137,-361
-22,136,-378
-23,145,-367
-18,150,-372
-19,157,-373
-13,163,-381
-11,179,-377
-14,182,-374
-11,191,-381
-12,182,-380
-7,199,-373
-3,211,-385
3,209,-385
5,223,-391
11,225,-387
31,231,-393
31,233,-399
41,235,-405
39,236,-416
46,226,-414
50,208,-428
48,186,-435
51,143,-437
49,133,-447
58,122,-450
57,123,-447
62,118,-446
62,118,-446
58,108,-438
48,106,-448
52,112,-438
41,99,-441
20,104,-438
3,105,-415
-13,103,-407
-18,104,-400
-40,118,-388
-52,136,-368
-75,137,-329
-86,154,-290
-83,159,-271
-82,170,-256
-89,191,-249
-68,224,-220
-56,232,-194
-31,259,-171
0,274,-144
32,284,-114
75,283,-93
106,262,-68
124,260,-54
154,224,-46
172,193,-37
191,181,-31
200,166,-40
211,149,-33
206,138,-34
202,124,-46
192,104,-38
173,91,-29
160,82,-36
149,69,-39
148,56,-46
138,44,-46
129,21,-65
139,7,-57
125,-5,-79
130,-20,-100
116,-22,-118
113,-31,-127
91,-31,-141
98,-30,-140
99,-33,-145
93,-33,-133
80,-26,-136
79,-23,-147
45,-17,-159
15,-3,-165
-2,12,-176
-18,18,-194
-28,30,-206
-43,51,-217
-42,68,-226
-52,84,-232
-55,91,-243
-59,99,-251
-61,121,-267
-70,120,-266
-69,119,-265
-75,115,-259
-76,124,-250
-87,117,-249
-72,114,-249
-72,102,-248
-79,91,-255
-74,84,-254
-76,88,-270
-72,74,-272
-81,51,-283
-63,53,-295
-60,46,-292
-57,37,-301
-45,23,-307
-51,31,-315
-46,32,-328
-47,25,-335
-48,30,-338
-40,22,-338
-38,22,-340
-43,25,-333
-50,32,-334
-51,47,-329
-64,42,-320
-52,42,-332
-54,30,-328
-60,36,-336
-58,36,-328
-44,24,-320
-56,24,-306
-74,26,-298
-78,28,-284
-75,25,-273
-67,27,-249
-71,11,-235
-60,14,-224
-51,3,-209
-47,-17,-185
-30,-16,-164
-19,-17,-157
-5,-8,-118
9,-10,-94
23,7,-89
37,23,-61
62,44,-47
69,67,-29
97,85,-15
120,112,-6
149,127,-11
173,147,-21
200,152,-30
223,141,-35
241,137,-53
255,123,-57
264,116,-70
270,100,-90
276,86,-100
287,57,-111
283,39,-127
266,16,-136
260,-4,-156
243,-21,-167
223,-45,-171
193,-39,-189
181,-39,-193
162,-48,-200
139,-53,-213
113,-53,-213
98,-54,-212
67,-45,-223
58,-48,-214
45,-31,-221
30,-34,-224
24,-40,-228
15,-23,-221
-1,-14,-228
0,-14,-228
-8,-12,-226
-15,-5,-234
-20,0,-236
-33,1,-241
-34,-2,-256
-37,11,-253
-39,13,-263
-42,8,-272
-43,25,-275
-53,25,-277
-45,29,-279
-53,37,-297
-57,33,-293
-64,38,-286
-61,39,-289
-60,44,-290
-60,46,-288
-66,48,-274
-62,46,-278
-64,58,-286
-75,47,-289
-68,52,-284
-64,42,-290
-63,37,-285
-60,38,-290
-50,28,-290
-59,29,-299
-45,21,-291
-36,4,-300
-31,-1,-313
-15,-11,-311
-13,-25,-307
-11,-27,-307
8,-44,-308
8,-54,-290
5,-67,-281
12,-70,-268
21,-67,-224
29,-73,-197
48,-84,-182
45,-75,-165
51,-63,-143
64,-40,-104
64,-22,-84
59,-13,-71
67,23,-51
71,47,-47
62,80,-34
83,99,-21
92,120,-30
93,155,-25
119,173,-31
130,180,-40
157,201,-41
185,193,-41
216,184,-60
244,170,-62
259,161,-71
271,133,-89
288,104,-96
300,72,-112
290,48,-130
287,25,-145
270,0,-160
251,-21,-183
237,-29,-189
222,-32,-202
195,-37,-215
171,-53,-223
151,-43,-221
136,-56,-230
110,-50,-234
84,-48,-242
75,-45,-249
60,-48,-240
45,-39,-249
39,-33,-263
22,-34,-260
13,-27,-257
-11,-7,-265
-13,-9,-279
-24,6,-272
-30,14,-278
-45,27,-283
-51,35,-297
-47,37,-291
-52,52,-300
-52,64,-314
-63,65,-305
-58,78,-318
-59,77,-317
-61,77,-321
-52,92,-334
-52,82,-350
-43,87,-347
-35,81,-363
-38,86,-368
-32,78,-376
-28,86,-372
-16,80,-394
-23,73,-381
-16,74,-378
-17,65,-377
-22,58,-380
-27,71,-375
-33,67,-364
-30,48,-370
-24,46,-362
-23,41,-363
-35,39,-361
-38,28,-356
-42,34,-344
-53,31,-329
-66,40,-318
-61,37,-309
-73,35,-291
-69,37,-263
-71,25,-235
-67,33,-225
-58,22,-196
-57,9,-175
-50,26,-158
-42,18,-140
-37,23,-137
-24,22,-120
-10,22,-110
-10,30,-96
12,30,-86
24,40,-70
40,38,-44
52,44,-42
63,57,-33
77,61,-35
93,75,-23
117,79,-27
127,112,-16
150,116,-20
171,131,-31
177,153,-37
206,160,-36
224,170,-54
243,161,-65
265,149,-77
277,141,-93
305,121,-97
299,119,-123
314,108,-152
315,91,-145
313,93,-173
314,82,-202
304,72,-212
295,45,-231
264,18,-256
232,-2,-280
212,-10,-300
195,-11,-299
177,-25,-309
156,-24,-316
135,-31,-317
125,-43,-323
113,-39,-323
93,-39,-325
87,-45,-327
62,-46,-320
54,-38,-316
29,-29,-309
17,-21,-305
19,-11,-323
2,-14,-306
-13,-1,-311
-30,12,-310
-47,29,-301
-44,36,-306
-51,53,-309
-64,58,-312
-59,81,-317
-56,80,-322
-62,86,-330
-52,90,-330
-63,91,-343
-61,89,-345
-60,86,-348
-56,88,-356
-52,82,-344
-47,69,-345
-53,71,-353
-51,55,-341
-39,41,-345
-36,36,-344
-17,15,-347
-12,-4,-342
-15,-13,-337
-19,-19,-325
-31,-17,-311
-33,-17,-287
-23,-37,-265
-24,-38,-242
8,-60,-216
35,-71,-211
49,-79,-187
72,-78,-172
72,-66,-154
77,-55,-129
74,-52,-122
82,-44,-114
82,-28,-96
69,4,-74
78,4,-62
87,27,-57
85,47,-32
91,79,-31
100,102,-26
110,118,-24
117,127,-21
132,146,-20
143,159,-23
151,159,-21
169,163,-25
174,174,-28
190,176,-38
215,171,-53
228,170,-64
247,161,-71
261,165,-79
271,175,-93
284,166,-98
296,172,-118
309,163,-141
322,158,-156
320,148,-190
326,128,-220
314,94,-254
300,60,-288
287,53,-311
266,42,-322
248,30,-332
238,16,-340
219,3,-351
206,2,-348
190,-11,-349
162,-19,-357
141,-25,-359
121,-25,-358
98,-28,-354
76,-22,-358
49,-19,-349
34,-18,-342
27,-13,-331
7,-3,-325
-15,5,-321
-33,23,-319
-46,40,-316
-53,63,-315
-65,69,-301
-71,81,-303
-68,88,-302
-74,100,-298
-75,119,-303
-78,116,-302
-76,120,-302
-73,125,-305
-72,126,-310
-70,114,-320
-65,97,-333
-57,83,-347
-36,60,-360
-23,43,-369
-15,35,-365
2,10,-368
-2,10,-362
-20,4,-360
-13,1,-363
-13,-1,-347
-19,-10,-344
-24,-6,-336
-11,-11,-329
-13,-27,-311
-16,-30,-310
-12,-26,-302
-7,-33,-288
-14,-46,-283
-8,-36,-278
-6,-44,-260
-10,-42,-256
-16,-40,-242
-7,-43,-235
-14,-42,-222
-7,-45,-205
7,-47,-185
20,-40,-156
29,-43,-145
37,-37,-125
69,-25,-105
73,-25,-91
101,-9,-79
114,0,-68
129,9,-59
142,28,-40
135,51,-39
165,77,-29
152,98,-24
172,120,-32
177,145,-41
191,167,-45
196,198,-48
222,206,-58
221,217,-79
233,231,-95
239,231,-113
232,234,-114
247,241,-135
258,254,-154
257,249,-159
266,246,-196
277,247,-216
255,273,-229
260,260,-240
267,261,-251
269,259,-257
278,236,-272
278,232,-290
284,220,-288
279,211,-307
276,230,-324
262,224,-334
256,228,-348
247,213,-361
259,217,-367
252,196,-378
244,176,-396
249,155,-407
243,147,-403
234,128,-408
229,115,-419
220,98,-416
220,94,-418
208,90,-422
204,70,-426
192,66,-424
183,41,-423
173,33,-427
156,30,-416
153,25,-413
148,24,-418
134,32,-434
117,43,-435
112,48,-442
100,92,-439
51,115,-441
57,103,-443
52,104,-444
40,100,-432
44,104,-436
38,114,-434
40,112,-428
39,117,-435
40,112,-428
28,116,-436
24,128,-432
28,138,-426
23,143,-419
15,139,-415
6,134,-416
4,138,-416
16,152,-422
19,157,-425
11,173,-419
18,186,-418
3,207,-405
6,216,-392
-13,225,-375
-20,232,-368
-29,229,-355
-28,232,-350
-33,235,-337
-41,245,-329
-37,247,-323
-39,257,-323
-34,270,-306
-34,262,-306
-35,265,-311
-34,280,-258
-19,279,-261
-24,286,-236
-19,289,-219
-20,290,-204
-16,286,-180
2,290,-154
2,282,-142
7,277,-113
23,265,-107
21,245,-81
33,231,-75
43,221,-59
51,207,-45
63,191,-33
75,163,-35
77,145,-31
97,121,-27
138,44,-28
142,30,-58
146,6,-60
142,-8,-74
145,-15,-85
147,-29,-105
140,-42,-122
131,-39,-139
131,-55,-147
131,-47,-173
125,-61,-181
120,-60,-186
118,-58,-220
110,-55,-227
117,-61,-243
103,-57,-245
95,-45,-266
103,-45,-277
92,-50,-274
87,-47,-281
80,-46,-290
83,-45,-287
62,-46,-298
65,-35,-301
50,-36,-308
50,-36,-298
36,-26,-296
14,-26,-296
21,-25,-303
14,-10,-308
-1,-7,-315
-3,3,-313
-28,10,-308
-28,20,-320
-31,27,-317
-34,50,-332
-36,52,-336
-36,60,-332
-38,66,-334
-31,73,-345
-36,84,-338
-40,84,-342
-36,80,-336
-41,99,-341
-41,91,-341
-32,94,-336
-39,94,-338
-37,90,-342
-33,85,-347
-28,92,-342
-45,89,-343
-50,94,-338
-56,88,-336
-56,90,-332
-62,96,-330
-66,100,-324
-75,109,-315
-75,117,-307
-80,140,-288
-84,150,-272
-87,159,-271
-82,168,-260
-78,174,-252
-79,181,-243
-78,198,-246
-80,204,-232
-65,217,-215
-63,227,-201
-61,247,-191
-43,257,-177
-33,265,-177
-19,273,-159
-4,278,-142
15,285,-127
36,288,-114
48,290,-102
66,288,-90
92,280,-84
119,293,-89
136,284,-84
167,267,-93
183,261,-99
208,246,-102
221,239,-97
232,218,-90
241,191,-89
250,180,-96
258,160,-88
260,146,-86
262,112,-92
271,99,-99
269,91,-95
264,72,-102
262,60,-102
266,56,-110
254,32,-120
256,38,-114
247,15,-125
230,0,-132
218,-2,-140
218,-16,-154
215,-21,-147
199,-27,-155
188,-24,-160
175,-29,-167
167,-23,-171
166,-38,-174
152,-34,-178
153,-35,-183
137,-37,-177
134,-40,-184
129,-35,-189
119,-43,-179
117,-45,-177
115,-35,-181
109,-51,-173
102,-40,-172
90,-44,-184
77,-43,-183
72,-46,-180
72,-34,-174
63,-39,-173
57,-39,-161
41,-37,-165
33,-21,-171
24,-20,-170
5,-25,-173
2,-26,-180
-3,-19,-175
-12,-16,-186
-8,-6,-190
-26,-8,-188
-39,-8,-186
-35,1,-205
-40,0,-210
-38,6,-210
-48,6,-212
-49,7,-219
-44,6,-228
-52,4,-232
-47,9,-241
-58,22,-256
-51,21,-257
-58,14,-272
-58,16,-276
-46,26,-298
-41,31,-317
-27,15,-349
-18,-4,-348
0,0,-358
14,-4,-372
25,-17,-377
42,-22,-372
60,-28,-376
76,-40,-376
75,-39,-371
93,-43,-361
96,-48,-360
105,-51,-357
111,-67,-359
123,-67,-343
141,-85,-313
144,-86,-314
153,-89,-297
167,-87,-295
168,-90,-290
173,-96,-266
166,-96,-256
169,-97,-261
170,-94,-226
183,-87,-212
188,-92,-182
195,-77,-165
194,-82,-146
196,-58,-108
193,1,-53
200,12,-44
184,28,-42
184,40,-32
179,43,-33
178,44,-24
194,60,-22
195,63,-31
198,82,-26
203,81,-29
205,105,-31
218,116,-28
208,132,-32
203,135,-27
201,147,-29
195,141,-31
182,162,-20
190,176,-26
185,183,-25
185,197,-35
170,222,-42
171,233,-45
174,246,-58
169,247,-57
164,254,-66
172,260,-74
178,277,-93
181,277,-95
188,280,-104
190,286,-97
187,293,-103
189,293,-119
191,295,-125
200,296,-132
198,300,-142
214,296,-144
211,305,-143
213,293,-153
223,303,-169
224,300,-180
235,305,-195
234,300,-188
233,301,-207
232,302,-200
233,317,-209
233,311,-225
238,310,-238
255,305,-259
261,289,-281
278,272,-294
273,263,-311
267,279,-331
279,253,-345
262,254,-362
261,237,-365
250,236,-368
247,221,-397
245,207,-405
238,214,-408
240,217,-407
228,224,-414
219,225,-409
222,234,-417
225,229,-404
229,227,-405
244,222,-406
254,200,-410
263,177,-399
277,167,-399
267,139,-395
283,111,-387
287,67,-377
281,43,-365
276,12,-352
278,-2,-338
265,-23,-319
249,-47,-305
228,-58,-296
218,-66,-264
195,-85,-259
183,-89,-239
171,-89,-225
164,-96,-202
164,-98,-172
159,-79,-147
152,-68,-126
144,-56,-104
140,-34,-76
140,-12,-62
145,7,-51
164,28,-30
164,50,-34
186,76,-30
211,106,-24
226,102,-32
238,120,-54
256,112,-67
275,115,-89
273,119,-95
291,111,-121
304,106,-118
312,106,-134
314,108,-148
316,112,-164
322,118,-172
314,108,-180
316,84,-206
309,75,-211
298,58,-214
308,40,-220
295,35,-241
294,28,-236
287,11,-255
279,9,-269
278,-4,-286
253,-7,-289
258,-6,-294
253,-21,-291
243,-17,-301
236,-30,-300
236,-34,-318
211,-33,-325
212,-38,-342
205,-33,-345
203,-27,-359
200,-22,-360
200,-26,-364
202,-16,-372
200,-16,-376
203,-27,-383
192,-24,-369
202,-22,-378
201,-25,-375
214,-16,-384
212,-10,-374
214,-16,-370
219,-23,-369
216,-30,-362
227,-29,-355
236,-38,-344
231,-45,-329
231,-51,-313
234,-56,-306
237,-61,-279
233,-69,-263
227,-67,-245
235,-83,-219
219,-77,-197
204,-78,-166
190,-72,-136
176,-68,-114
152,-52,-84
147,-31,-63
125,7,-49
107,37,-37
102,54,-26
87,85,-17
81,111,-29
82,146,-22
90,158,-34
98,180,-32
115,216,-48
133,221,-53
145,233,-65
158,232,-72
176,242,-70
186,254,-86
192,264,-96
216,258,-110
227,251,-139
255,247,-147
285,225,-171
311,171,-207
315,135,-227
315,139,-229
314,110,-228
300,102,-238
300,80,-238
284,70,-240
289,53,-247
284,36,-252
283,29,-255
276,28,-270
278,18,-272
277,7,-271
271,9,-279
273,-7,-287
254,-8,-280
261,-19,-287
257,-15,-291
254,-16,-292
254,-32,-288
243,-39,-289
241,-35,-293
226,-46,-304
222,-39,-333
213,-39,-337
203,-39,-343
202,-38,-355
195,-27,-363
193,-35,-359
189,-29,-379
186,-22,-384
180,-22,-386
179,-31,-391
179,-25,-393
187,-23,-399
206,-30,-390
214,-26,-386
203,-35,-375
212,-34,-352
227,-35,-351
233,-45,-333
229,-55,-327
229,-51,-313
232,-58,-298
231,-67,-267
234,-82,-236
221,-71,-191
214,-78,-164
195,-69,-127
198,-48,-98
185,-25,-69
177,1,-47
167,25,-33
173,45,-23
172,64,-14
159,89,-11
156,126,-10
154,158,-14
163,163,-25
166,192,-26
187,221,-64
203,241,-73
249,245,-117
273,231,-141
290,220,-172
297,207,-199
308,194,-220
313,167,-231
310,154,-242
312,130,-242
307,113,-261
310,108,-266
301,89,-269
287,81,-267
283,63,-271
275,47,-279
284,30,-266
276,18,-272
280,12,-272
269,-1,-269
263,1,-271
261,-13,-277
247,-19,-275
260,-32,-262
255,-27,-269
247,-41,-259
245,-49,-259
233,-41,-261
237,-45,-263
231,-61,-279
227,-65,-273
225,-55,-279
224,-56,-292
216,-54,-304
215,-53,-307
212,-56,-310
221,-57,-311
224,-54,-308
222,-52,-312
231,-55,-305
227,-61,-303
229,-61,-303
226,-50,-296
234,-54,-286
228,-52,-288
231,-63,-279
230,-68,-266
224,-66,-262
227,-65,-257
235,-63,-245
243,-63,-225
240,-62,-194
242,-58,-190
244,-50,-156
224,-54,-146
218,-54,-122
203,-47,-103
187,-25,-89
181,-9,-67
148,6,-36
146,32,-34
128,34,-26
128,60,-32
125,71,-27
120,93,-15
133,95,-15
125,103,-15
128,114,-8
133,115,-9
127,133,-7
130,140,-8
125,149,-5
133,163,-17
128,160,-16
130,178,-10
143,191,-25
151,193,-29
158,204,-40
172,216,-46
204,220,-68
230,236,-92
259,247,-125
267,247,-145
283,243,-159
283,235,-177
296,218,-198
310,200,-212
324,192,-236
319,175,-253
315,165,-269
314,142,-274
307,125,-283
300,110,-292
287,81,-301
283,67,-293
283,53,-295
275,43,-291
275,36,-286
271,10,-290
272,12,-294
248,-8,-281
248,-20,-280
238,-34,-280
246,-42,-268
238,-46,-254
233,-43,-255
232,-64,-248
217,-53,-255
228,-56,-252
228,-56,-248
227,-63,-249
232,-54,-246
231,-67,-235
228,-64,-236
220,-72,-222
218,-66,-220
224,-70,-216
218,-68,-232
227,-71,-221
220,-80,-218
225,-71,-237
233,-69,-233
222,-74,-236
234,-68,-232
235,-79,-231
225,-67,-239
225,-79,-233
227,-69,-233
230,-76,-226
214,-74,-226
219,-71,-207
216,-75,-173
211,-79,-157
200,-68,-132
185,-55,-104
176,-58,-96
159,-29,-69
152,-4,-50
144,28,-34
135,63,-17
128,94,-12
117,111,-13
127,133,-13
130,170,-22
154,208,-36
184,216,-44
206,230,-62
216,236,-80
244,242,-102
255,239,-117
276,240,-134
289,225,-147
296,212,-164
312,192,-170
317,173,-181
329,157,-193
322,136,-200
330,118,-210
317,105,-211
320,86,-210
312,66,-220
303,55,-215
305,49,-219
298,36,-224
282,22,-224
287,7,-233
289,-5,-229
288,-2,-224
275,-15,-223
268,-16,-234
268,-36,-228
259,-43,-221
245,-45,-225
234,-52,-230
237,-55,-229
235,-65,-219
225,-59,-205
224,-62,-200
215,-71,-185
217,-73,-197
213,-69,-193
208,-82,-188
206,-76,-188
201,-71,-189
205,-79,-187
202,-76,-182
208,-82,-180
205,-75,-183
202,-78,-178
206,-72,-166
195,-71,-157
184,-70,-138
175,-63,-123
182,-52,-110
170,-52,-98
160,-54,-82
157,-43,-75
147,-27,-61
141,0,-52
123,15,-51
127,21,-31
118,42,-33
110,62,-25
104,80,-22
103,93,-17
120,104,-12
121,119,-3
131,131,-7
146,142,-10
154,156,-24
171,163,-21
183,181,-21
201,185,-37
211,187,-43
235,189,-61
251,181,-69
269,181,-85
279,181,-105
297,181,-127
300,178,-138
309,177,-167
320,174,-182
311,181,-193
322,178,-206
321,177,-223
312,172,-236
321,165,-241
313,165,-259
309,159,-265
295,151,-271
302,148,-270
286,138,-288
281,115,-289
274,108,-294
287,97,-291
269,81,-278
286,68,-282
288,50,-290
292,50,-292
286,34,-298
284,28,-294
278,26,-300
279,5,-291
286,4,-290
281,-7,-283
279,-13,-275
271,-17,-273
266,-32,-274
265,-35,-265
250,-32,-276
249,-43,-277
238,-50,-282
235,-51,-279
222,-52,-290
212,-62,-302
210,-50,-322
196,-44,-348
201,-39,-359
201,-45,-349
196,-40,-360
195,-47,-351
196,-50,-346
207,-47,-339
201,-49,-323
198,-54,-326
213,-56,-324
213,-63,-315
207,-71,-307
193,-71,-298
186,-82,-292
182,-82,-274
170,-96,-264
165,-95,-251
156,-104,-228
156,-104,-202
137,-95,-199
129,-83,-169
127,-75,-145
111,-61,-117
94,-38,-102
87,-13,-67
76,28,-52
68,60,-40
40,80,-50
45,115,-47
40,138,-32
44,160,-50
58,176,-40
83,201,-47
99,217,-51
130,224,-64
151,241,-73
164,250,-88
191,261,-109
204,266,-110
223,253,-137
224,258,-144
246,256,-158
257,250,-178
273,247,-183
280,238,-178
284,228,-208
296,222,-224
294,220,-236
305,205,-253
295,199,-255
295,191,-261
295,185,-269
293,171,-269
289,153,-271
282,138,-286
284,124,-284
290,100,-292
292,100,-304
284,84,-304
291,75,-303
279,59,-315
285,51,-307
295,37,-313
295,37,-301
297,23,-303
290,26,-294
298,24,-290
289,11,-279
290,2,-278
291,11,-275
287,-5,-267
279,-7,-265
286,-16,-268
291,-23,-263
281,-19,-255
278,-18,-260
276,-17,-247
278,-32,-246
270,-34,-254
258,-24,-263
251,-39,-259
250,-50,-260
235,-41,-261
244,-54,-264
237,-53,-267
227,-65,-255
222,-70,-262
214,-72,-242
218,-72,-248
206,-74,-234
206,-76,-220
191,-81,-199
178,-78,-188
170,-78,-170
162,-86,-150
145,-71,-139
126,-60,-116
103,-45,-109
84,-40,-96
78,-18,-84
67,-5,-71
54,12,-68
49,15,-65
38,34,-56
26,66,-58
32,72,-52
28,94,-50
35,111,-41
29,115,-29
33,134,-32
45,135,-27
58,130,-30
53,151,-22
59,163,-29
62,172,-28
71,185,-31
99,193,-29
107,197,-25
137,207,-39
159,197,-33
179,207,-41
192,206,-46
207,215,-69
219,219,-79
228,226,-90
237,239,-121
248,244,-130
259,245,-153
259,245,-161
263,253,-175
278,248,-184
267,249,-191
279,239,-201
274,242,-216
275,233,-223
272,238,-234
275,233,-243
271,233,-261
278,224,-258
273,217,-261
281,227,-263
273,221,-265
277,202,-272
274,198,-278
280,188,-280
283,191,-283
286,172,-292
284,158,-294
293,163,-299
296,150,-308
304,142,-300
303,139,-303
306,134,-304
307,119,-299
316,100,-302
305,109,-309
310,86,-312
299,87,-301
313,53,-301
317,43,-293
307,37,-295
292,34,-318
297,19,-299
287,11,-301
282,2,-308
281,-3,-303
271,-9,-315
273,-19,-317
257,-23,-323
261,-27,-319
247,-31,-319
248,-30,-314
239,-27,-329
246,-26,-318
247,-25,-329
242,-36,-320
229,-27,-313
236,-46,-320
233,-51,-317
235,-37,-298
230,-60,-304
219,-53,-299
210,-58,-296
209,-65,-285
211,-69,-279
207,-63,-263
210,-76,-252
205,-81,-237
201,-75,-229
197,-71,-205
187,-83,-195
187,-91,-185
176,-80,-174
175,-75,-155
165,-77,-135
147,-59,-109
147,-57,-93
137,-33,-77
134,-26,-68
121,1,-55
126,28,-40
118,42,-34
109,71,-19
117,93,-9
113,101,-3
122,126,-8
127,139,-13
126,146,-16
141,165,-19
144,192,-26
158,200,-34
172,212,-46
177,225,-59
184,232,-64
194,242,-72
208,248,-90
219,245,-107
225,255,-117
247,255,-123
243,253,-139
257,249,-151
264,256,-168
269,251,-181
280,250,-200
276,242,-222
277,245,-243
271,239,-255
269,223,-271
259,225,-285
263,227,-279
266,222,-276
262,212,-288
274,196,-294
267,201,-299
274,176,-300
274,168,-304
271,171,-309
289,159,-317
284,150,-318
288,144,-330
282,138,-330
293,143,-327
292,136,-340
291,107,-337
297,107,-331
301,83,-339
287,79,-334
289,67,-329
297,63,-331
304,48,-318
297,45,-317
298,46,-314
299,33,-319
295,35,-317
291,25,-313
292,14,-308
283,11,-307
292,8,-302
289,7,-305
279,-1,-287
280,-10,-288
282,-12,-288
280,-6,-286
282,-16,-276
281,-15,-289
267,-19,-281
272,-22,-272
271,-21,-279
275,-29,-273
275,-29,-267
264,-32,-260
265,-37,-255
261,-37,-239
259,-45,-233
254,-52,-232
249,-61,-217
243,-57,-207
240,-64,-206
235,-65,-197
224,-68,-178
212,-72,-172
189,-75,-149
175,-81,-143
175,-61,-131
167,-59,-115
148,-54,-102
132,-44,-82
116,-12,-80
107,-9,-57
96,14,-46
87,37,-41
74,76,-20
72,102,-22
74,124,-24
75,157,-27
74,190,-30
88,206,-32
93,229,-45
108,244,-54
128,260,-72
152,260,-82
169,269,-101
183,275,-103
204,282,-116
223,269,-123
238,268,-140
241,255,-155
267,265,-171
271,261,-191
274,248,-206
268,250,-204
286,236,-228
285,233,-271
283,222,-282
272,216,-290
275,205,-310
261,197,-330
250,184,-322
248,178,-318
248,168,-322
252,156,-320
246,142,-328
249,139,-321
251,115,-325
258,116,-326
263,111,-335
268,112,-338
265,101,-345
268,94,-344
270,98,-354
272,84,-354
265,85,-353
269,81,-357
267,69,-363
260,64,-358
268,54,-362
259,51,-359
260,40,-364
243,25,-351
248,16,-358
246,6,-362
221,1,-365
214,-4,-372
209,-9,-383
198,-2,-384
191,-3,-393
179,0,-406
168,8,-402
170,6,-412
156,14,-422
164,28,-422
169,21,-425
163,33,-423
177,39,-433
175,31,-427
186,32,-422
186,26,-416
183,9,-415
180,2,-406
180,-8,-400
187,-27,-379
182,-44,-368
197,-51,-339
206,-72,-308
201,-85,-291
201,-87,-251
187,-89,-245
191,-95,-201
184,-84,-174
176,-84,-156
168,-84,-136
158,-64,-128
145,-61,-105
142,-52,-84
129,-29,-81
119,-23,-71
107,-9,-53
97,-1,-49
90,16,-50
77,53,-31
71,71,-23
70,84,-28
60,128,-20
78,134,-26
86,164,-32
85,181,-31
102,212,-34
111,227,-39
128,228,-56
138,252,-60
153,255,-75
179,263,-89
194,272,-104
210,266,-130
226,276,-150
235,263,-165
247,269,-187
260,258,-210
271,259,-229
273,253,-259
257,233,-269
254,226,-274
260,218,-286
245,213,-291
259,193,-291
257,185,-297
258,174,-290
267,167,-283
265,151,-283
278,140,-286
273,131,-273
275,121,-279
287,117,-279
292,109,-285
294,94,-296
302,88,-292
290,72,-301
299,73,-309
288,72,-306
295,61,-325
286,60,-322
287,51,-323
284,48,-332
280,50,-340
274,48,-340
274,36,-340
281,39,-351
271,31,-353
263,35,-355
253,35,-359
263,29,-363
253,31,-369
248,12,-368
237,13,-375
223,11,-385
210,10,-378
215,7,-397
209,9,-389
198,8,-388
202,6,-392
198,4,-386
196,6,-388
196,2,-390
189,11,-393
191,5,-397
186,2,-400
181,2,-400
185,7,-403
177,-3,-401
179,7,-397
193,-3,-401
190,-6,-388
202,-10,-384
191,-13,-379
201,-21,-379
209,-31,-373
213,-31,-347
208,-46,-334
205,-59,-327
189,-63,-313
194,-68,-304
196,-78,-290
200,-80,-268
189,-81,-249
182,-92,-240
173,-87,-229
173,-91,-217
168,-92,-198
152,-86,-190
154,-80,-178
143,-77,-165
132,-78,-160
134,-76,-148
124,-72,-130
107,-63,-121
101,-53,-111
96,-38,-100
96,-36,-82
86,-14,-76
81,4,-58
87,25,-47
74,44,-38
80,62,-23
89,79,-16
94,102,-10
99,131,-13
108,156,-12
121,175,-25
139,197,-33
155,211,-35
168,214,-48
184,230,-56
192,228,-64
217,227,-87
222,232,-90
258,236,-108
254,240,-118
262,232,-132
267,235,-153
284,230,-170
289,233,-179
300,220,-206
297,209,-225
302,212,-242
302,190,-254
302,186,-262
294,174,-284
296,168,-284
295,157,-279
297,151,-297
292,128,-292
296,132,-300
295,111,-305
290,94,-312
280,92,-316
286,80,-320
283,77,-320
290,70,-326
289,57,-325
291,45,-317
284,42,-316
286,42,-304
296,26,-300
297,25,-297
288,12,-292
296,10,-286
287,1,-273
278,-4,-262
280,-20,-264
274,-28,-264
261,-33,-261
255,-35,-255
250,-40,-252
246,-48,-256
246,-52,-254
233,-53,-259
232,-56,-258
233,-55,-259
228,-58,-272
217,-67,-277
215,-65,-277
208,-66,-288
219,-63,-283
216,-70,-290
215,-69,-289
220,-50,-284
221,-59,-285
222,-54,-274
218,-58,-282
229,-53,-269
216,-70,-274
212,-64,-270
225,-69,-263
227,-59,-261
228,-66,-260
211,-79,-249
208,-80,-244
194,-74,-232
197,-85,-215
191,-79,-205
181,-81,-197
162,-86,-178
144,-84,-176
138,-86,-160
115,-83,-141
103,-65,-117
92,-50,-110
85,-33,-95
75,-19,-79
71,-5,-71
57,9,-57
55,41,-45
54,64,-28
62,94,-28
62,124,-4
78,144,-20
96,170,-14
119,185,-33
130,192,-26
146,222,-28
160,213,-37
177,227,-47
203,229,-59
209,233,-85
234,244,-82
246,242,-104
258,244,-116
268,234,-138
281,237,-147
290,222,-164
295,215,-183
302,202,-202
311,191,-207
301,183,-221
305,183,-247
312,166,-244
301,161,-255
312,152,-254
321,133,-261
320,120,-256
305,105,-261
308,104,-266
309,77,-269
307,75,-275
307,61,-277
304,48,-276
298,36,-278
295,25,-277
299,29,-279
289,21,-269
289,13,-271
289,7,-275
279,3,-271
280,-5,-267
277,-9,-261
272,-18,-270
272,-20,-267
261,-31,-267
252,-32,-264
255,-47,-263
243,-43,-263
239,-51,-269
227,-51,-271
223,-65,-269
226,-56,-266
218,-68,-274
203,-69,-283
203,-69,-287
202,-64,-282
199,-63,-287
195,-69,-289
192,-66,-294
185,-55,-307
183,-71,-311
177,-71,-301
170,-78,-296
162,-74,-300
164,-82,-296
149,-79,-287
149,-91,-279
148,-86,-272
146,-84,-256
146,-84,-256
142,-98,-238
139,-93,-225
142,-92,-208
132,-92,-190
129,-81,-177
120,-88,-174
117,-83,-151
124,-78,-141
105,-69,-129
101,-59,-119
91,-55,-105
77,-47,-99
72,-38,-96
67,-25,-75
61,-9,-69
57,13,-53
56,34,-46
55,53,-29
64,80,-16
68,100,-8
69,137,-15
79,161,-13
82,186,-10
99,197,-25
130,206,-38
132,228,-44
146,228,-44
168,234,-50
182,244,-64
183,255,-73
198,244,-80
208,256,-88
227,253,-103
240,238,-124
255,245,-133
262,244,-146
270,234,-146
283,221,-173
283,225,-173
299,225,-195
296,212,-211
302,200,-228
310,206,-242
305,193,-241
309,181,-251
303,169,-257
305,157,-265
299,145,-275
309,137,-277
307,129,-279
308,116,-272
317,101,-273
314,94,-266
312,78,-266
312,72,-280
316,62,-268
316,60,-268
303,49,-269
306,30,-274
308,22,-270
302,14,-264
306,0,-258
287,-7,-255
281,-23,-243
271,-27,-245
267,-27,-251
257,-33,-259
248,-46,-254
236,-46,-256
241,-55,-251
250,-64,-246
233,-63,-245
224,-62,-254
227,-61,-255
216,-64,-265
216,-68,-260
196,-70,-276
199,-65,-281
191,-71,-285
196,-72,-294
197,-77,-289
188,-62,-300
184,-68,-300
169,-75,-293
181,-77,-289
175,-79,-285
175,-81,-287
179,-79,-283
168,-84,-282
164,-86,-284
160,-92,-282
149,-89,-271
147,-99,-265
141,-97,-263
137,-99,-251
123,-97,-239
120,-96,-234
118,-98,-228
110,-94,-206
99,-95,-189
92,-96,-172
91,-83,-159
77,-65,-141
79,-59,-123
68,-44,-104
72,-32,-84
69,-29,-81
55,3,-60
57,25,-41
57,39,-35
64,64,-28
86,92,-14
108,122,-8
123,147,-11
147,173,-13
173,189,-33
198,206,-36
208,212,-46
233,205,-71
253,217,-95
275,211,-113
290,216,-128
291,213,-151
296,208,-174
304,204,-204
308,198,-226
306,182,-252
307,183,-277
303,171,-287
296,166,-296
301,161,-307
280,142,-320
280,118,-320
278,116,-324
286,106,-324
279,97,-323
287,95,-321
286,78,-324
285,63,-321
284,58,-320
280,56,-320
278,50,-312
292,34,-308
301,19,-311
281,21,-317
269,11,-317
269,7,-323
262,-4,-310
246,0,-322
252,-18,-324
230,-16,-330
227,-33,-333
198,-36,-356
184,-34,-354
184,-38,-356
173,-35,-363
172,-26,-366
155,-19,-377
158,-30,-384
147,-15,-399
137,-9,-393
136,-8,-410
126,12,-416
126,8,-426
134,12,-422
118,30,-430
126,30,-432
133,41,-439
136,42,-444
137,53,-443
149,51,-451
156,57,-441
161,45,-441
164,48,-432
171,31,-419
186,4,-403
192,-16,-400
181,-25,-391
175,-39,-385
170,-54,-366
165,-67,-343
153,-85,-329
139,-89,-301
131,-89,-279
110,-90,-254
105,-101,-243
99,-93,-223
86,-96,-212
77,-93,-203
69,-81,-183
62,-78,-162
54,-68,-148
59,-59,-123
56,-44,-108
50,-26,-96
44,-8,-70
46,18,-64
31,47,-53
32,78,-42
36,112,-32
48,142,-30
56,164,-24
77,201,-27
78,204,-34
107,227,-43
134,238,-68
151,245,-73
168,254,-86
196,254,-100
214,262,-110
232,254,-136
247,255,-145
262,246,-162
274,254,-184
277,243,-201
289,235,-213
293,225,-235
288,224,-236
300,210,-248
309,201,-239
306,194,-242
310,186,-250
315,173,-245
312,160,-258
310,152,-258
314,144,-274
318,140,-276
307,107,-287
313,107,-301
315,97,-303
306,90,-316
307,69,-305
302,72,-318
300,64,-324
283,57,-329
287,43,-337
288,48,-336
286,36,-342
274,40,-346
273,29,-351
263,19,-343
266,18,-342
256,8,-346
249,7,-353
249,1,-353
239,-9,-351
226,-20,-348
220,-26,-354
205,-35,-351
198,-30,-356
183,-31,-361
175,-33,-369
174,-36,-378
167,-39,-375
154,-28,-380
150,-30,-378
142,-24,-398
124,-28,-388
137,-19,-391
136,-12,-402
134,-20,-398
140,-16,-402
149,-13,-403
150,-26,-400
151,-31,-389
157,-33,-399
161,-33,-391
159,-45,-373
158,-50,-366
155,-49,-361
164,-68,-340
154,-88,-334
151,-79,-317
151,-97,-291
141,-89,-289
131,-97,-269
127,-95,-248
114,-96,-226
115,-95,-213
92,-90,-194
95,-91,-177
81,-85,-159
74,-66,-144
66,-54,-120
59,-33,-93
46,-10,-78
44,16,-70
35,39,-51
30,70,-50
38,102,-36
51,143,-25
71,171,-35
76,182,-28
101,199,-33
116,214,-42
145,223,-53
162,238,-62
184,236,-74
206,248,-78
225,255,-99
254,250,-124
268,248,-136
279,227,-161
293,223,-187
293,223,-197
300,218,-204
304,206,-218
309,189,-237
313,185,-251
311,177,-249
318,158,-267
309,151,-271
301,149,-269
301,135,-271
295,121,-285
295,109,-287
289,103,-311
288,88,-320
285,87,-319
281,77,-329
286,76,-334
287,63,-329
284,64,-332
279,51,-335
282,44,-330
283,29,-327
275,31,-331
274,22,-324
282,16,-322
273,1,-311
275,-7,-313
268,-12,-308
260,-24,-304
256,-26,-290
247,-29,-291
246,-40,-284
236,-48,-292
231,-47,-293
221,-53,-299
213,-65,-305
197,-61,-317
191,-58,-332
178,-61,-339
185,-49,-337
182,-50,-352
171,-45,-364
172,-44,-364
175,-37,-367
178,-34,-374
178,-40,-378
183,-37,-377
191,-23,-367
195,-29,-375
196,-34,-364
213,-33,-365
219,-27,-353
230,-32,-348
231,-39,-335
235,-47,-329
222,-58,-314
212,-60,-312
207,-69,-301
204,-72,-292
193,-83,-275
190,-86,-264
187,-89,-261
170,-90,-258
156,-96,-246
146,-94,-232
145,-101,-227
135,-91,-217
127,-99,-199
127,-89,-183
123,-93,-171
117,-79,-157
100,-64,-138
90,-57,-129
85,-59,-107
73,-43,-99
69,-25,-85
58,8,-70
67,43,-49
67,67,-25
68,114,-36
77,129,-37
85,163,-33
87,187,-37
82,206,-50
92,236,-68
101,265,-85
123,275,-115
133,293,-115
157,305,-153
182,298,-158
209,293,-183
226,290,-200
234,294,-218
238,280,-232
239,277,-253
247,263,-263
253,257,-275
257,245,-291
262,224,-294
269,199,-315
282,168,-330
271,157,-347
275,129,-345
274,120,-352
271,113,-357
271,85,-355
276,72,-358
282,70,-352
273,51,-346
270,32,-340
268,2,-332
264,4,-328
253,-13,-325
238,-28,-316
229,-39,-315
233,-55,-309
219,-55,-305
208,-62,-304
198,-74,-290
198,-66,-300
186,-74,-306
185,-71,-313
179,-79,-303
162,-72,-314
180,-74,-316
184,-64,-320
178,-62,-320
182,-64,-322
176,-68,-330
185,-67,-315
185,-77,-307
190,-80,-294
193,-81,-279
190,-82,-274
197,-81,-265
210,-74,-248
216,-80,-230
228,-76,-210
225,-71,-203
232,-73,-175
227,-72,-148
220,-58,-140
212,-46,-101
202,-24,-79
199,-13,-63
182,12,-52
172,24,-32
168,40,-30
153,57,-21
156,70,-20
150,90,-12
140,104,-16
145,125,-5
157,151,-19
166,176,-24
174,188,-34
190,198,-36
193,199,-49
213,223,-59
243,217,-81
264,220,-88
256,218,-116
274,228,-138
285,233,-165
287,223,-187
300,226,-208
292,216,-218
304,208,-230
298,194,-248
308,188,-262
309,163,-261
312,156,-268
316,138,-258
316,114,-274
317,90,-286
307,91,-285
303,73,-302
289,57,-306
291,49,-313
287,41,-309
276,36,-320
261,29,-329
264,20,-324
247,9,-333
252,8,-340
244,2,-338
244,0,-348
233,-3,-341
233,-13,-341
241,-13,-331
237,-21,-331
241,-35,-323
223,-35,-333
221,-33,-325
210,-42,-330
198,-42,-330
198,-48,-334
187,-45,-343
194,-50,-356
173,-51,-355
163,-49,-351
161,-47,-369
148,-50,-372
155,-35,-371
139,-41,-383
143,-33,-381
144,-32,-384
149,-29,-391
155,-43,-383
158,-36,-382
164,-32,-373
177,-47,-360
187,-53,-337
191,-67,-329
181,-69,-323
184,-76,-302
188,-84,-294
182,-94,-276
183,-91,-259
173,-87,-237
172,-94,-206
159,-95,-187
144,-98,-180
154,-96,-158
143,-85,-145
135,-77,-133
132,-64,-114
124,-68,-108
121,-53,-101
109,-45,-89
97,-45,-75
85,-19,-63
81,3,-61
75,13,-45
73,35,-47
62,66,-24
57,91,-25
67,109,-15
53,139,-25
58,144,-14
58,168,-22
76,196,-36
93,203,-33
98,214,-32
122,232,-55
151,227,-61
181,243,-65
183,249,-77
209,245,-93
233,253,-107
242,246,-124
255,249,-127
262,244,-136
280,238,-160
282,226,-162
293,223,-179
300,222,-198
299,213,-215
306,194,-220
302,196,-236
306,182,-250
312,174,-258
302,160,-258
301,149,-259
301,139,-261
304,124,-266
307,129,-275
308,120,-278
316,112,-282
309,107,-299
303,103,-311
317,103,-303
309,91,-313
314,98,-302
309,81,-305
312,59,-297
323,61,-293
322,42,-294
311,35,-293
301,17,-279
297,15,-279
283,-1,-277
282,-10,-288
275,-21,-293
258,-24,-286
255,-33,-293
248,-46,-300
227,-55,-309
220,-40,-322
208,-46,-334
198,-42,-338
193,-41,-353
191,-43,-361
186,-30,-372
182,-32,-380
185,-25,-383
189,-27,-377
186,-28,-388
197,-15,-387
196,-22,-376
213,-31,-363
216,-42,-354
205,-49,-345
203,-53,-333
199,-67,-333
200,-74,-310
195,-75,-307
182,-72,-302
198,-74,-290
193,-83,-279
196,-79,-265
193,-83,-263
202,-90,-262
190,-90,-238
188,-90,-240
188,-88,-226
177,-85,-225
165,-103,-215
154,-94,-218
138,-90,-212
122,-94,-194
107,-95,-179
102,-94,-160
88,-76,-138
89,-61,-119
71,-45,-91
57,-37,-87
54,-6,-66
45,21,-57
42,40,-38
42,76,-40
31,105,-19
47,109,-23
58,146,-14
77,149,-23
98,170,-24
107,189,-15
126,186,-22
141,201,-43
158,216,-40
173,225,-49
177,227,-59
196,224,-68
195,229,-73
211,243,-89
212,244,-90
208,242,-106
215,253,-113
215,263,-127
218,260,-126
222,266,-122
224,260,-130
238,262,-140
240,254,-142
250,242,-152
264,240,-154
278,226,-156
278,220,-158
295,207,-147
302,194,-144
309,183,-151
311,175,-157
316,148,-160
325,131,-171
330,120,-186
328,106,-200
336,80,-194
330,72,-212
324,66,-224
322,56,-224
322,54,-238
320,50,-240
318,30,-254
309,29,-261
308,24,-266
307,9,-273
301,15,-273
297,7,-273
301,6,-284
286,14,-284
294,-10,-284
285,-13,-283
272,-18,-282
270,-24,-286
260,-32,-286
254,-34,-286
251,-37,-283
250,-42,-278
251,-43,-285
244,-46,-292
240,-52,-290
233,-53,-291
235,-45,-299
232,-52,-316
225,-49,-311
228,-58,-310
228,-48,-304
216,-56,-310
221,-59,-309
212,-64,-304
212,-66,-298
198,-74,-294
203,-77,-277
200,-78,-268
185,-79,-259
184,-92,-246
177,-85,-241
161,-101,-225
157,-93,-227
138,-98,-208
133,-93,-195
130,-94,-184
121,-90,-148
108,-82,-156
114,-84,-128
101,-65,-117
88,-44,-102
72,-30,-92
65,-19,-71
54,8,-60
53,29,-45
44,64,-28
61,81,-29
59,113,-19
58,132,-14
59,155,-17
64,172,-18
83,187,-21
99,213,-27
107,219,-29
123,225,-43
136,214,-46
144,232,-46
154,242,-62
166,248,-70
176,254,-72
195,267,-89
216,256,-104
229,263,-123
243,265,-139
254,256,-146
265,255,-161
274,244,-160
280,246,-186
275,237,-195
293,229,-207
299,224,-212
290,220,-216
305,205,-217
309,203,-221
307,185,-233
311,177,-235
304,162,-238
305,151,-251
305,143,-247
300,132,-252
307,127,-255
307,117,-269
314,114,-276
313,105,-279
312,94,-272
320,84,-256
317,75,-259
329,61,-253
321,55,-241
325,35,-237
309,33,-225
305,11,-225
296,4,-204
305,-5,-199
289,-9,-197
290,-16,-192
283,-29,-187
276,-36,-182
277,-43,-199
261,-37,-187
253,-51,-191
246,-56,-200
245,-59,-199
243,-63,-209
224,-66,-232
230,-68,-234
217,-77,-259
225,-71,-246
214,-76,-254
221,-75,-259
210,-76,-258
201,-73,-253
202,-74,-250
187,-93,-245
180,-94,-242
169,-93,-233
165,-97,-219
148,-86,-196
149,-97,-189
130,-86,-178
114,-88,-162
110,-76,-144
104,-74,-134
85,-65,-111
69,-45,-109
58,-32,-88
52,-12,-80
39,7,-69
46,22,-56
29,51,-49
20,86,-38
32,108,-38
33,131,-31
43,155,-35
45,187,-27
50,196,-34
56,204,-42
60,224,-46
65,237,-59
65,229,-55
83,237,-63
88,254,-74
97,257,-77
118,252,-84
111,261,-81
132,260,-98
146,278,-106
159,271,-117
178,274,-118
187,279,-121
197,275,-133
218,274,-150
225,271,-161
231,279,-175
236,270,-184
245,271,-197
251,275,-201
252,276,-212
249,271,-213
262,270,-224
259,261,-225
264,260,-224
255,257,-229
271,247,-235
284,244,-238
285,249,-245
288,228,-248
291,217,-259
295,213,-269
299,215,-273
304,202,-280
308,194,-290
312,190,-286
312,178,-308
309,175,-306
307,161,-311
316,158,-316
311,147,-303
317,143,-321
325,127,-317
319,121,-307
324,110,-310
331,107,-299
322,76,-296
320,60,-294
316,56,-312
308,38,-292
314,32,-304
308,16,-306
295,9,-313
291,9,-313
288,4,-320
287,7,-315
278,6,-322
275,-1,-329
270,2,-330
269,-3,-341
263,1,-345
262,2,-360
269,1,-349
279,3,-335
279,-1,-345
275,17,-345
284,6,-328
270,4,-346
276,-9,-339
275,-7,-325
282,-4,-330
283,-7,-317
274,-2,-322
272,-10,-326
283,-11,-319
282,-4,-314
280,-8,-312
280,-20,-292
277,-35,-277
268,-44,-270
257,-55,-245
238,-62,-226
237,-65,-215
218,-78,-200
207,-75,-189
198,-76,-178
181,-81,-163
177,-77,-153
163,-67,-143
145,-57,-127
130,-70,-126
117,-61,-117
95,-49,-107
80,-30,-100
76,-12,-84
58,-4,-82
42,16,-80
35,39,-77
22,62,-60
23,89,-67
2,100,-62
9,145,-61
14,170,-60
19,179,-57
37,205,-63
52,222,-69
74,238,-72
104,250,-86
104,262,-86
144,260,-92
154,262,-108
170,268,-112
200,272,-116
223,269,-135
234,262,-148
253,255,-159
259,257,-179
271,251,-193
280,248,-212
285,251,-221
280,242,-230
285,247,-241
276,246,-248
271,241,-265
267,229,-275
261,221,-277
259,213,-285
268,204,-288
264,186,-298
272,178,-296
277,161,-301
279,153,-315
292,140,-308
287,131,-321
294,136,-322
297,117,-323
304,126,-320
315,121,-311
312,120,-312
319,101,-291
319,87,-297
311,85,-301
318,68,-286
313,61,-293
316,46,-294
313,39,-299
308,22,-294
301,29,-299
296,28,-302
291,29,-293
292,14,-292
293,9,-307
288,4,-312
290,0,-306
271,-11,-313
280,2,-324
279,-1,-319
271,9,-331
276,0,-330
267,13,-335
272,12,-334
276,8,-346
278,12,-344
278,2,-332
283,-1,-325
266,-8,-324
263,-15,-311
269,-13,-317
264,-22,-312
254,-34,-314
261,-31,-303
248,-42,-304
246,-50,-290
240,-44,-284
238,-54,-292
230,-60,-272
222,-66,-270
216,-78,-248
218,-80,-232
195,-71,-233
189,-77,-217
189,-93,-203
161,-97,-195
154,-82,-186
137,-97,-169
129,-85,-147
111,-77,-155
88,-72,-146
91,-63,-129
72,-50,-124
57,-43,-101
59,-25,-91
39,-15,-87
44,4,-76
17,25,-67
15,55,-61
8,82,-64
9,91,-59
3,129,-49
-5,155,-67
-5,171,-71
1,193,-63
4,202,-76
24,227,-79
36,232,-80
50,240,-88
59,257,-102
72,258,-106
102,270,-104
109,281,-105
125,275,-111
150,272,-122
159,277,-127
186,276,-122
204,270,-148
221,277,-159
227,273,-179
238,282,-182
246,284,-206
237,283,-217
235,287,-233
237,277,-253
238,280,-248
241,273,-249
249,261,-255
255,253,-261
260,240,-264
278,240,-270
280,234,-274
296,222,-274
301,217,-267
303,213,-269
307,205,-273
324,184,-268
317,189,-273
319,183,-273
328,174,-278
333,154,-270
328,138,-270
332,130,-280
330,112,-279
336,100,-272
341,79,-271
331,81,-275
340,66,-284
325,51,-279
318,38,-284
313,43,-287
319,29,-285
311,23,-291
305,27,-299
303,17,-291
298,10,-290
299,1,-287
286,-4,-294
286,-8,-292
287,-17,-289
280,-22,-296
276,-26,-290
271,-23,-291
258,-36,-304
261,-47,-297
233,-51,-295
229,-45,-289
216,-66,-288
216,-66,-306
206,-70,-312
206,-56,-318
201,-61,-311
204,-70,-310
194,-64,-312
179,-75,-313
178,-80,-306
168,-84,-290
144,-92,-278
151,-99,-261
135,-95,-249
134,-96,-248
120,-96,-216
111,-93,-211
97,-87,-187
89,-85,-181
89,-91,-173
82,-70,-152
69,-75,-149
60,-58,-136
52,-42,-120
44,-32,-108
47,-23,-101
42,-24,-92
34,-2,-82
28,24,-76
12,40,-62
16,78,-54
9,101,-53
6,114,-48
7,137,-51
6,164,-52
15,185,-61
14,200,-66
26,224,-68
43,233,-73
60,246,-82
73,263,-89
79,272,-112
105,281,-107
128,278,-120
143,291,-119
165,289,-134
184,294,-140
204,286,-140
213,277,-161
228,278,-164
234,278,-172
239,283,-179
234,268,-188
233,285,-199
236,278,-210
244,272,-208
254,272,-216
251,263,-225
251,265,-227
257,269,-233
255,261,-247
254,250,-250
264,246,-244
279,233,-253
273,235,-249
283,221,-253
292,220,-264
290,208,-276
299,201,-271
303,209,-285
307,203,-277
310,186,-276
315,189,-283
313,189,-289
321,177,-273
315,169,-273
322,160,-268
330,156,-264
336,138,-266
330,146,-259
337,129,-265
344,120,-254
334,102,-262
337,87,-257
342,82,-272
334,74,-260
340,68,-258
323,73,-263
320,44,-264
325,37,-259
317,35,-273
311,25,-273
308,14,-284
308,14,-274
301,3,-287
304,8,-280
283,-11,-285
289,-9,-297
279,-3,-303
277,-11,-307
276,-16,-316
272,-14,-318
272,-6,-334
271,-11,-333
267,-5,-341
258,2,-352
270,-10,-342
257,-5,-353
258,0,-338
261,-12,-340
255,-2,-354
252,-10,-350
253,-15,-341
256,-26,-339
250,-20,-340
241,-25,-335
227,-29,-339
236,-36,-334
234,-34,-326
238,-34,-322
235,-43,-315
226,-50,-322
223,-57,-309
221,-65,-291
210,-74,-288
192,-80,-274
182,-84,-266
161,-91,-251
159,-89,-237
147,-95,-235
144,-92,-208
130,-94,-206
127,-89,-187
105,-85,-179
99,-81,-157
88,-72,-144
72,-62,-134
64,-40,-120
55,-35,-111
50,-18,-104
46,-2,-92
31,-11,-91
20,28,-76
18,59,-71
12,72,-60
15,97,-59
18,114,-45
25,141,-47
24,168,-52
33,193,-57
50,216,-62
68,242,-72
82,264,-80
99,273,-93
117,285,-97
136,280,-106
168,288,-124
183,281,-133
207,277,-155
223,275,-159
234,274,-168
247,269,-181
252,276,-196
257,263,-211
248,272,-226
254,276,-230
249,269,-249
250,264,-248
248,252,-258
246,254,-262
251,245,-257
261,237,-259
260,222,-260
268,228,-264
274,216,-262
278,210,-268
287,203,-277
295,188,-282
298,192,-276
307,177,-283
312,174,-287
312,170,-276
315,147,-273
330,134,-262
339,131,-251
343,119,-241
338,104,-228
340,80,-218
329,51,-197
334,46,-190
325,39,-179
314,28,-184
303,11,-183
309,-1,-173
297,-3,-169
289,-19,-179
273,-33,-181
260,-36,-178
263,-47,-181
253,-55,-193
241,-55,-193
241,-63,-207
238,-58,-220
226,-56,-226
230,-60,-240
225,-61,-235
229,-69,-247
229,-65,-263
217,-69,-279
207,-69,-285
200,-78,-294
189,-77,-287
186,-76,-292
178,-74,-296
166,-78,-293
156,-84,-290
147,-79,-291
143,-89,-289
136,-92,-286
128,-92,-282
119,-93,-269
112,-92,-256
114,-90,-250
98,-92,-238
94,-90,-226
90,-100,-224
73,-91,-209
70,-82,-198
58,-84,-180
48,-74,-178
36,-52,-162
24,-50,-158
12,-36,-142
8,-24,-132
4,0,-110
-7,11,-105
-7,35,-97
-22,48,-84
-9,63,-87
-14,76,-76
-9,99,-83
-16,120,-62
-14,120,-62
-6,136,-64
3,151,-55
12,174,-56
25,173,-41
33,193,-40
45,207,-43
63,215,-55
77,225,-55
96,234,-58
112,240,-58
133,237,-67
132,240,-64
151,241,-77
186,244,-82
208,252,-98
216,248,-114
240,254,-134
251,255,-151
253,259,-169
256,260,-192
260,268,-210
246,278,-232
245,269,-239
238,266,-240
241,257,-255
249,261,-249
246,256,-264
242,266,-260
251,251,-257
255,253,-265
258,252,-276
259,241,-271
269,243,-275
276,248,-272
275,243,-279
286,242,-292
288,232,-290
287,245,-283
298,226,-294
302,220,-288
309,207,-289
305,203,-291
314,204,-290
321,187,-289
322,174,-290
325,171,-285
330,150,-290
333,147,-289
336,134,-298
325,119,-297
327,113,-293
326,80,-300
330,78,-290
318,76,-312
318,64,-310
324,54,-302
313,45,-305
314,40,-304
310,34,-300
314,32,-306
306,18,-296
300,22,-306
298,8,-312
296,2,-308
278,-14,-312
267,-15,-315
268,-26,-316
265,-19,-319
268,-12,-326
262,-24,-326
258,-39,-311
257,-41,-305
250,-42,-290
240,-48,-268
229,-59,-261
226,-58,-252
210,-74,-234
209,-77,-227
181,-83,-221
162,-82,-216
158,-86,-218
150,-88,-220
138,-90,-214
127,-95,-205
117,-93,-203
109,-97,-197
100,-88,-182
90,-84,-174
78,-76,-164
67,-61,-147
54,-56,-144
41,-43,-129
34,-30,-114
19,-1,-101
22,14,-80
23,43,-69
9,77,-55
22,98,-52
30,140,-34
33,155,-37
37,185,-37
49,215,-45
64,226,-54
88,252,-60
103,267,-73
119,267,-81
136,284,-86
155,279,-101
171,285,-109
190,284,-128
211,273,-141
206,274,-162
226,278,-170
227,269,-179
246,266,-186
252,262,-206
245,259,-223
247,263,-243
241,261,-255
235,259,-271
231,259,-279
217,251,-273
221,245,-275
230,250,-272
237,239,-271
251,239,-267
263,231,-279
265,217,-283
273,217,-277
279,217,-285
289,215,-281
296,202,-286
296,214,-282
302,198,-276
302,198,-294
311,193,-287
313,189,-287
314,180,-288
331,169,-285
330,162,-276
331,145,-267
341,133,-272
333,129,-279
339,121,-263
337,109,-269
341,101,-275
336,98,-270
342,90,-272
331,89,-287
340,78,-286
326,66,-286
316,64,-290
315,53,-291
318,54,-300
320,44,-302
320,34,-304
310,40,-312
313,35,-311
303,29,-315
310,30,-330
286,32,-336
279,23,-343
280,30,-350
276,28,-358
276,26,-360
276,30,-362
279,33,-371
274,26,-374
274,24,-364
274,20,-360
267,21,-369
265,15,-353
274,1,-347
281,7,-341
279,-9,-329
283,-21,-313
281,-13,-307
281,-17,-295
273,-27,-287
263,-31,-281
255,-47,-259
250,-48,-244
251,-59,-223
244,-54,-206
248,-52,-186
220,-62,-170
221,-69,-157
190,-76,-138
187,-67,-127
171,-71,-119
155,-57,-107
144,-54,-102
125,-47,-85
114,-34,-88
91,-31,-75
75,-17,-73
67,3,-61
53,11,-61
36,46,-48
30,60,-50
17,87,-53
10,112,-48
-5,121,-59
5,151,-59
-2,170,-64
4,184,-66
11,219,-63
18,230,-76
31,235,-87
50,256,-90
73,273,-97
100,286,-112
118,292,-116
143,285,-125
157,289,-133
168,298,-148
200,286,-182
214,280,-186
225,283,-209
229,285,-211
231,277,-233
234,278,-258
237,271,-265
219,267,-277
219,269,-277
221,263,-279
241,251,-275
250,242,-284
259,247,-287
261,239,-283
271,241,-283
271,245,-285
274,234,-292
283,237,-293
281,227,-303
283,221,-305
308,206,-304
308,204,-300
304,204,-292
310,186,-292
319,175,-289
319,175,-299
328,152,-290
335,147,-288
329,129,-285
330,116,-286
343,101,-289
330,84,-298
321,67,-297
326,66,-298
319,55,-315
312,50,-312
308,44,-334
300,36,-334
296,26,-342
285,27,-347
276,26,-356
274,28,-362
260,20,-360
259,25,-381
246,26,-392
256,30,-390
242,36,-386
239,39,-401
241,53,-417
240,62,-414
238,70,-412
235,67,-419
238,66,-416
244,70,-414
243,71,-423
249,75,-419
245,65,-401
259,59,-401
263,58,-392
262,46,-388
274,40,-384
279,35,-358
274,12,-358
280,8,-334
283,-5,-331
278,-4,-312
285,-11,-303
275,-25,-283
272,-36,-276
271,-43,-263
249,-59,-251
247,-73,-225
237,-81,-211
217,-81,-189
199,-87,-175
183,-81,-145
159,-79,-127
144,-74,-108
128,-58,-96
101,-37,-77
92,-18,-64
75,3,-51
59,15,-41
49,43,-33
40,76,-30
29,115,-21
25,147,-31
21,185,-41
28,202,-54
43,223,-55
53,233,-59
52,261,-77
61,281,-87
85,281,-97
100,288,-108
114,302,-132
132,298,-138
138,306,-152
161,301,-181
160,316,-196
176,314,-216
188,306,-236
190,296,-250
185,299,-261
185,299,-271
183,293,-285
178,298,-286
177,297,-293
179,293,-303
178,298,-298
186,290,-304
181,287,-301
187,295,-301
194,296,-302
213,293,-311
212,296,-310
221,289,-295
228,282,-302
227,287,-307
251,277,-305
247,269,-305
261,257,-305
264,260,-312
269,249,-321
268,250,-318
281,244,-314
288,236,-322
290,230,-318
291,231,-319
303,217,-323
300,218,-322
300,208,-324
304,208,-326
314,186,-330
303,173,-327
314,172,-328
314,148,-332
320,146,-332
323,139,-321
323,129,-327
329,113,-325
328,112,-318
322,90,-324
323,83,-337
316,78,-330
312,70,-332
309,67,-343
314,58,-332
315,51,-325
310,52,-334
311,47,-313
313,35,-313
315,27,-309
305,19,-299
304,20,-296
303,-7,-289
303,-1,-283
296,-6,-274
292,-18,-270
290,-18,-256
279,-23,-247
282,-24,-242
269,-35,-241
270,-40,-223
263,-51,-221
264,-50,-208
252,-60,-202
245,-59,-199
234,-62,-186
223,-63,-179
208,-70,-168
216,-72,-160
198,-72,-138
195,-77,-129
177,-73,-123
154,-72,-116
149,-57,-103
135,-57,-91
108,-44,-92
94,-38,-80
83,-23,-69
69,1,-55
59,9,-43
46,28,-44
37,43,-43
34,62,-38
19,79,-47
13,97,-49
8,126,-42
-5,143,-49
5,173,-39
5,187,-49
7,187,-49
2,204,-60
13,224,-64
24,244,-66
44,238,-66
53,267,-82
64,274,-82
81,279,-83
97,283,-85
112,278,-86
137,273,-97
143,285,-105
156,278,-114
175,269,-115
189,275,-119
197,271,-127
203,265,-139
214,282,-154
222,276,-178
219,281,-193
227,285,-209
215,285,-217
222,284,-238
218,284,-246
214,280,-254
217,283,-259
218,270,-256
220,272,-268
227,271,-273
231,269,-287
234,266,-286
243,257,-295
242,260,-306
245,257,-303
248,264,-308
252,248,-304
257,251,-311
261,251,-317
263,241,-321
271,235,-324
271,237,-323
279,229,-335
277,231,-323
290,230,-332
289,209,-323
306,204,-322
309,191,-309
324,178,-308
321,163,-309
326,152,-308
329,137,-309
333,131,-313
326,116,-312
319,109,-309
320,96,-312
318,86,-324
320,72,-314
308,60,-324
306,56,-340
295,49,-341
292,38,-350
287,29,-347
280,22,-354
280,16,-348
268,6,-344
277,11,-351
267,15,-349
265,21,-349
271,17,-349
268,12,-362
271,8,-354
268,8,-354
277,-3,-343
267,-5,-331
270,-18,-322
265,-25,-319
258,-34,-302
258,-42,-290
244,-50,-274
243,-49,-255
224,-66,-252
230,-68,-236
216,-80,-210
204,-86,-196
187,-85,-189
170,-84,-178
158,-92,-162
140,-88,-156
132,-82,-148
108,-72,-148
96,-76,-134
68,-62,-122
71,-47,-107
62,-38,-100
49,-21,-89
41,-1,-75
30,18,-50
27,41,-51
25,61,-47
15,87,-39
17,109,-43
22,148,-22
31,163,-33
39,192,-24
49,213,-37
58,218,-40
72,232,-42
77,247,-61
99,253,-53
111,261,-69
121,267,-71
135,263,-83
154,270,-84
171,273,-97
185,281,-105
199,277,-115
222,268,-132
226,268,-142
247,277,-155
252,260,-162
256,262,-174
259,251,-169
266,244,-166
277,239,-173
273,239,-183
281,241,-189
286,240,-202
280,238,-216
283,233,-221
279,235,-235
285,233,-259
278,222,-266
281,225,-267
284,222,-270
284,216,-280
283,219,-279
284,214,-280
287,203,-285
291,201,-291
297,197,-295
305,207,-293
304,200,-304
306,196,-304
304,204,-306
301,189,-309
303,195,-317
306,184,-316
321,179,-307
308,174,-308
321,177,-317
316,168,-312
327,169,-311
320,166,-310
322,154,-304
331,147,-307
332,142,-310
331,133,-295
332,116,-292
336,94,-276
335,79,-291
345,85,-269
333,69,-263
339,55,-263
327,41,-267
323,35,-273
316,26,-256
310,18,-272
313,7,-275
302,10,-274
299,5,-269
297,-7,-275
289,-9,-287
286,-16,-294
276,-14,-304
285,-7,-306
278,-18,-306
271,-11,-317
266,-20,-322
255,-27,-325
262,-28,-322
254,-28,-312
258,-30,-312
252,-30,-316
238,-44,-308
238,-44,-300
217,-65,-297
213,-71,-291
214,-74,-272
203,-75,-279
182,-84,-268
165,-93,-263
154,-94,-242
148,-88,-238
137,-93,-221
126,-96,-208
105,-93,-191
86,-82,-176
80,-80,-152
74,-64,-132
57,-57,-127
63,-41,-101
50,-30,-88
44,-10,-68
45,-3,-73
39,5,-59
36,28,-50
40,34,-58
27,53,-35
21,91,-32
28,102,-20
23,111,-31
37,131,-31
32,144,-18
39,157,-15
51,175,-21
57,185,-15
61,197,-17
78,216,-24
106,226,-30
115,235,-31
124,244,-42
143,245,-47
159,251,-65
178,250,-70
180,256,-86
197,261,-95
215,257,-119
214,254,-128
225,265,-131
224,266,-158
227,277,-173
234,276,-190
233,273,-211
220,274,-218
222,276,-226
218,276,-230
210,282,-234
199,289,-233
208,289,-239
209,277,-235
206,282,-238
210,292,-245
211,277,-235
209,277,-239
223,269,-237
226,274,-244
245,265,-251
245,273,-257
260,264,-258
262,264,-266
268,266,-270
267,251,-275
277,259,-279
283,251,-289
285,229,-283
291,231,-283
300,220,-282
310,218,-288
317,191,-281
326,178,-290
323,167,-293
332,148,-290
333,135,-299
332,114,-304
336,92,-298
324,76,-308
322,60,-314
315,47,-319
314,38,-326
296,38,-342
295,25,-339
283,31,-345
274,24,-356
266,22,-356
267,21,-361
258,14,-370
250,26,-382
254,22,-374
243,15,-387
247,13,-381
233,11,-389
234,2,-396
229,3,-391
223,-13,-371
225,-19,-371
221,-27,-361
215,-41,-357
195,-47,-343
199,-61,-333
189,-65,-309
188,-74,-300
174,-84,-284
162,-90,-266
156,-100,-250
151,-95,-235
135,-95,-223
118,-94,-208
104,-96,-192
88,-78,-178
75,-75,-171
57,-71,-159
42,-70,-152
33,-55,-137
25,-39,-131
21,-29,-121
6,-14,-108
6,15,-87
1,39,-73
0,52,-60
-8,72,-56
4,94,-46
-1,119,-39
17,147,-37
37,181,-27
60,208,-32
75,225,-39
88,238,-42
104,258,-54
133,273,-63
145,281,-75
173,279,-99
188,284,-114
220,276,-126
233,267,-147
236,276,-166
240,270,-178
241,281,-197
238,282,-216
236,272,-232
238,282,-240
239,279,-251
237,279,-257
236,272,-266
234,270,-268
239,275,-261
232,270,-262
240,276,-266
242,260,-272
239,265,-261
244,262,-258
252,255,-261
259,254,-262
262,254,-260
266,252,-267
266,252,-275
275,247,-275
272,252,-282
286,242,-278
297,245,-277
287,239,-287
302,230,-288
308,220,-286
305,217,-285
310,210,-292
317,197,-287
326,196,-290
320,180,-298
324,170,-304
324,170,-316
321,171,-313
327,159,-315
323,147,-325
321,141,-321
323,145,-333
322,132,-326
320,130,-332
305,113,-345
307,105,-351
309,99,-349
304,94,-354
298,94,-360
292,82,-354
293,83,-371
293,79,-373
292,74,-376
284,76,-380
284,68,-386
272,66,-385
269,63,-385
268,64,-384
266,72,-382
270,78,-388
271,69,-383
279,63,-389
274,54,-382
269,37,-379
261,23,-373
261,1,-347
260,-32,-316
249,-49,-295
239,-59,-259
243,-73,-227
237,-75,-195
211,-67,-169
190,-78,-140
168,-66,-116
147,-49,-93
124,-34,-72
98,-10,-58
71,1,-59
61,19,-49
40,50,-40
20,90,-34
10,132,-42
14,164,-44
24,180,-40
29,203,-59
48,235,-53
72,242,-64
95,257,-61
114,268,-91
142,272,-100
151,279,-113
167,285,-133
173,293,-149
180,288,-160
194,288,-184
202,298,-200
224,286,-200
237,279,-207
235,281,-213
236,284,-218
236,292,-204
256,268,-196
263,279,-199
239,281,-173
248,290,-172
238,280,-154
216,280,-134
205,291,-121
178,282,-102
141,293,-87
105,287,-91
77,281,-85
41,263,-81
0,228,-82
-20,204,-80
-46,166,-94
-56,140,-108
-59,125,-113
-67,76,-128
-68,53,-143
-69,43,-159
-62,28,-172
-55,21,-188
-58,0,-184
-58,-2,-200
-49,-9,-213
-52,-12,-230
-41,-13,-251
-42,-18,-266
-38,-18,-286
-19,-17,-309
-17,-19,-329
5,-25,-349
13,-17,-371
30,-6,-394
41,21,-421
57,57,-437
70,76,-454
79,103,-463
82,136,-466
85,167,-457
82,190,-450
55,215,-441
63,221,-425
67,243,-417
54,246,-412
55,251,-417
56,248,-406
51,249,-413
65,251,-405
62,252,-406
70,256,-414
79,237,-417
71,229,-409
68,232,-426
65,221,-427
69,217,-435
47,223,-431
60,222,-424
36,222,-424
40,212,-428
36,224,-412
40,222,-413
31,223,-425
38,226,-414
35,233,-413
32,242,-404
36,240,-408
44,246,-400
39,251,-397
43,251,-401
35,245,-409
43,251,-391
38,248,-398
42,252,-400
43,249,-395
34,246,-398
33,2,
