-379,144,12
-385,130,-4
-379,134,3
-360,125,1
-384,137,-4
-389,135,6
-382,133,-1
-388,131,6
-367,134,-4
-390,137,0
-380,115,-1
-377,125,4
-380,124,5
-379,132,-8
-376,145,-5
-391,130,-5
-378,145,-5
-376,132,-1
-386,137,-9
-394,137,7
-377,133,-6
-382,143,8
-391,141,-1
-363,146,-7
-394,150,-5
-398,146,-8
-369,132,0
-408,130,8
-372,132,10
-380,127,-7
-377,144,1
-365,142,-8
-377,143,2
-366,135,0
-382,144,1
-377,134,3
-384,128,-10
-396,122,4
-373,132,-7
-363,143,-2
-364,148,0
-364,134,11
-383,136,-3
-381,133,-8
-386,132,-2
-378,146,3
-380,133,-9
-365,136,6
-379,140,-5
-387,138,-12
-372,138,-11
-372,131,-7
-377,144,-3
-364,129,-4
-382,130,20
-385,147,-6
-364,138,6
-371,139,0
-373,139,-6
-371,132,-6
-371,127,-6
-374,132,5
-377,146,1
-379,135,0
-385,138,1
-381,132,-1
-389,131,0
-385,131,9
-357,141,-9
-383,136,-7
-386,140,1
-372,129,-6
-373,130,-2
-380,134,-13
-392,129,-3
-375,139,1
-373,133,3
-373,131,0
-359,140,6
-379,130,-15
-382,136,-13
-367,140,12
-375,137,-6
-388,128,-3
-395,137,-14
-381,132,6
-387,131,5
-399,136,10
-393,143,6
-392,139,2
-373,143,-2
-388,136,3
-373,125,-4
-394,130,0
-391,142,-15
-401,145,-4
-411,149,8
-392,138,-18
-378,137,0
-375,138,-6
-382,132,3
-391,137,9
-391,138,-1
-388,160,-8
-388,144,-2
-414,152,-2
-385,135,-9
-369,134,2
-370,140,-4
-373,138,-3
-360,127,4
-365,117,1
-384,146,-2
-396,131,2
-391,139,8
-387,137,3
-382,139,11
-383,134,7
-376,138,-4
-385,138,4
-386,138,7
-379,131,-1
-406,126,-6
-379,139,6
-368,135,0
-371,127,-3
-392,137,-4
-388,133,-12
-395,140,5
-376,127,10
-374,151,-4
-377,131,14
-383,129,7
-392,130,18
-394,143,0
-382,136,-6
-388,135,-2
-361,142,1
-382,139,-4
-390,135,8
-381,136,4
-401,149,-13
-394,136,7
-383,142,14
-392,127,5
-376,137,10
-381,135,4
-381,128,1
-374,135,11
-370,134,5
-373,135,3
-370,132,-5
-377,143,-3
-384,144,-2
-385,143,-21
-391,131,9
-383,136,4
-394,138,2
-406,142,-1
-449,142,7
-499,160,-9
-519,178,16
-462,152,-7
-471,162,0
-467,144,5
-456,151,9
-528,156,15
-475,154,8
-473,169,15
-464,151,16
-496,167,19
-516,161,20
-508,186,27
-449,257,28
-403,310,31
-361,334,5
-401,347,1
-351,378,-18
-243,418,-41
-226,466,-153
-299,476,-387
-310,452,-377
-324,420,-320
-370,396,-231
-422,486,-306
-442,539,-446
-503,738,-945
-621,1258,-793
-590,1951,-643
-585,2866,-666
-640,3451,-580
-686,3815,-541
-703,4262,-868
-577,4373,-1033
-596,4229,-880
-750,4277,-565
-765,4594,-346
-670,4851,-243
-482,5479,-235
-444,5947,-181
-475,6258,-32
-374,6417,17
-270,6297,17
-178,6200,4
-155,6210,64
-223,6260,135
-222,6472,348
-475,6965,485
-548,7414,652
-380,7340,754
-302,7254,685
-169,7661,514
-133,8134,284
-126,8515,200
-28,8504,148
15,8276,62
-128,7779,-21
-164,7605,-58
-91,7879,-166
-99,8032,-149
-198,7613,-70
-242,7265,-39
-239,7387,-78
-249,7499,-65
-248,7506,-7
-339,7545,25
-440,7544,193
-561,7769,428
-598,8198,427
-828,8232,525
-1018,8075,723
-1040,8281,750
-1054,8458,770
-908,8680,482
-631,8904,253
-590,8916,137
-614,8521,179
-611,8297,140
-603,7758,145
-301,7957,-141
-259,7540,-171
-243,6968,-174
-161,6360,-22
-392,6352,-145
-344,6282,-123
-554,5951,25
-539,6474,-64
-916,6050,129
-1626,6009,679
-1903,5881,636
-1970,5263,726
-2126,5379,670
-1706,6070,591
-626,6454,56
-421,6215,-42
-450,6053,-23
-1042,6060,236
-819,5527,159
-1067,5299,223
-1291,5094,285
-1737,4834,366
-1324,4845,222
-978,4853,86
-710,4764,-9
-204,4768,-81
-201,4671,-49
-190,4515,-53
-158,4305,-95
-33,4505,-143
-20,4564,-135
-37,4385,-53
-191,3727,-50
391,3460,-92
-64,2849,-45
38,2570,-165
317,2077,-129
422,2138,-126
146,2157,-62
-256,1815,-7
-765,1731,51
-1042,1825,73
-1282,1968,87
-1087,1819,100
-1078,1582,79
-1464,1492,131
-1491,1568,134
-2200,1955,196
-2869,2300,224
-2710,2552,214
-1400,1990,92
-746,1856,17
-377,1692,-9
-225,1873,-34
220,2097,-57
72,1963,-33
-283,1429,-12
-449,1212,5
-449,1172,-11
-460,1228,6
-450,1152,17
-392,1045,4
-380,1014,1
-381,987,18
-400,919,-1
-333,874,4
-395,820,8
-454,926,5
-1182,1076,39
-1084,1039,28
-1151,944,8
-546,820,2
-536,877,12
-570,986,8
-533,998,5
-701,1029,15
-433,1225,10
-194,1084,9
-316,836,5
-317,542,-22
-322,444,-20
-301,407,-10
-348,348,-12
-386,264,-28
-376,122,-11
-387,27,4
-414,-106,35
-467,-264,40
-457,-306,40
-433,-401,7
-429,-493,8
-573,-540,-7
-689,-757,13
-683,-915,11
-654,-1090,-3
-734,-1521,21
-650,-1922,15
-471,-2376,-3
-423,-3042,17
-445,-3597,37
-428,-4062,49
-451,-4514,51
-582,-4847,36
-675,-5280,69
-503,-5738,60
-517,-6082,64
-545,-6536,74
-541,-7230,102
-393,-7651,44
-366,-7749,11
-225,-7886,-12
52,-8311,-90
-163,-8358,-19
-290,-8264,36
-322,-8385,44
-107,-8350,-116
-486,-8882,135
-386,-8825,37
-173,-8940,-167
-309,-8827,-5
-541,-8887,108
-937,-9313,429
-1165,-9233,493
-1054,-9467,491
-949,-9500,216
-251,-10104,-147
-295,-9783,-39
-77,-10250,-301
-72,-9866,-234
2,-10100,-359
-51,-10250,-371
83,-10194,-546
287,-10530,-749
57,-10469,-423
-56,-10500,-358
-228,-10428,-262
-361,-10133,-59
-439,-9955,34
-430,-10354,-28
-599,-10787,178
-770,-10773,98
-752,-10868,-41
-832,-11293,101
-864,-11314,-167
-1085,-11140,-19
-1113,-11232,-261
-1108,-11270,-486
-1112,-11104,-467
-934,-10586,-348
-806,-10265,-70
-852,-9771,-39
-824,-8872,-269
-953,-8442,-391
-997,-8121,-398
-1001,-7425,-343
-944,-6750,-438
-984,-6485,-320
-780,-6188,-401
-820,-5879,-558
-741,-5619,-900
-740,-5404,-685
-671,-5019,-642
-596,-4699,-578
-527,-4652,-292
-447,-4586,-213
-231,-4344,-55
244,-3786,-1
1004,-1883,-33
628,-191,0
939,-16,76
1059,23,-68
1142,-8,-86
1038,18,-14
815,84,39
818,66,33
399,47,44
91,80,28
134,63,11
-353,122,5
-359,130,5
-354,129,10
-353,145,3
-385,126,8
-374,122,5
-396,121,19
-384,120,4
-353,109,8
-347,115,-8
-362,125,9
-365,134,21
-329,135,5
-342,131,7
-367,132,2
-354,131,6
-366,127,17
-363,131,8
-367,144,10
-385,134,5
-383,128,0
-400,118,1
-377,116,-3
-358,146,-5
-383,144,4
-392,132,4
-399,132,2
-386,125,-27
-392,134,-37
-393,134,-161
-376,129,-883
-386,126,-629
-359,122,-266
-383,137,-2
-377,132,6
-380,135,18
-376,134,95
-385,128,334
-367,130,1
-362,126,9
-384,137,1
-367,124,-10
-378,92,-138
-408,70,-354
-458,-46,-516
-504,-307,-584
-500,-387,-628
-508,-490,-617
-508,-487,-352
-516,-492,-97
-512,-581,-22
-473,-732,-30
-418,-1227,27
-402,-1868,35
-319,-2622,50
-344,-3015,127
-361,-3617,552
-419,-4099,538
-472,-4118,630
-443,-4581,831
-455,-4899,543
-359,-5064,510
-382,-5188,587
-334,-5319,570
-333,-5504,804
-324,-5649,809
-336,-5636,703
-361,-5565,624
-310,-5635,587
-378,-5835,414
-462,-5920,171
-479,-6110,209
-461,-6300,285
-498,-6476,308
-512,-6719,339
-404,-6796,311
-379,-6710,148
-414,-6598,68
-374,-6626,166
-345,-6652,311
-325,-6747,350
-409,-6953,250
-489,-6991,107
-482,-6675,43
-452,-6223,25
-341,-5912,75
-349,-5543,-18
-512,-5305,-61
-693,-5148,-257
-715,-5086,-438
-564,-5236,-294
-481,-5477,-76
-404,-5853,-95
-540,-6188,-334
-658,-6525,-523
-746,-6614,-497
-742,-6469,-269
-607,-6324,-21
-577,-6305,37
-490,-6474,7
-554,-6541,39
-248,-6452,137
-133,-6261,245
-271,-6250,53
-413,-6476,-68
-440,-6528,-54
-375,-6385,-73
-248,-6208,-35
-302,-6134,-120
-328,-5867,-187
-289,-5543,-109
-152,-5318,20
-187,-4970,58
-456,-4693,-98
-413,-4808,-88
-421,-4886,-119
-294,-4712,-149
-347,-4769,-194
-357,-5014,-201
-547,-4984,-299
-834,-4890,-230
-648,-4959,-103
-600,-5002,-55
-733,-5082,-113
-684,-5287,-85
-727,-5458,-115
-893,-5726,-179
-415,-5355,32
-614,-5472,-29
-324,-5428,110
-347,-5186,88
-551,-5038,4
-642,-5208,-21
-466,-5057,65
-434,-4469,35
-283,-4509,106
25,-4540,191
469,-4712,313
334,-4556,258
158,-4493,179
-256,-4394,57
-208,-4461,104
-12,-4364,125
-150,-4128,97
-160,-4031,95
-326,-3981,51
-711,-3944,-15
-852,-3796,-25
-660,-3585,8
-671,-3382,4
-568,-3347,24
-630,-3282,23
-582,-3091,31
-767,-3000,17
-1073,-2881,-29
-874,-2754,-6
-675,-2799,23
-508,-2835,44
-389,-2873,58
-455,-2990,43
-580,-3240,39
-417,-3561,42
-438,-3566,29
-586,-3545,63
-481,-3379,55
-417,-3300,61
-338,-2948,84
-269,-2710,57
-405,-2321,41
-454,-1998,34
-417,-1637,29
-336,-1399,15
-204,-1261,48
-152,-1008,33
-163,-702,17
-193,-467,-3
-203,-111,-3
-316,64,11
-265,155,0
-257,261,15
-192,350,11
-275,452,22
-308,611,19
-257,637,20
-373,647,19
-395,617,16
-383,647,14
-393,671,13
-389,687,15
-404,719,27
-396,727,10
-389,726,24
-385,807,5
-400,880,8
-389,894,10
-382,881,4
-385,826,14
-398,773,20
-404,713,31
-397,668,24
-399,658,9
-402,549,28
-378,388,22
-360,323,17
-390,335,16
-396,312,18
-381,304,29
-384,287,19
-388,257,29
-369,279,15
-383,363,24
-392,446,34
-402,421,38
-387,320,18
-391,143,24
-385,39,26
-372,-51,26
-385,-108,24
-209,-185,15
-101,-214,32
-94,-95,16
-304,39,30
-324,108,25
-266,207,16
-357,354,28
-415,483,24
-388,629,25
-388,777,16
-392,874,28
-329,1000,-27
-369,901,29
-409,979,13
-469,1137,10
-500,1257,11
-588,1441,-6
-681,1878,7
-499,2192,14
-499,2451,-9
-279,2643,-6
-260,2715,-8
-377,2835,-16
-238,3118,-11
-313,3305,-9
-402,3486,-21
-404,3705,-24
-468,3881,-31
-764,4074,-49
-808,4242,-66
-941,4334,-92
-891,4535,-87
-548,4646,-42
-559,4757,-61
-408,4839,-35
-159,4999,-3
-238,5132,-14
-274,5250,-9
-289,5438,-30
-266,5606,-12
-112,5737,23
-291,5744,-13
-26,5925,62
129,6055,122
495,6203,232
615,6368,294
602,6526,286
588,6769,319
510,7000,298
321,7247,228
48,7261,142
-344,7047,-38
-463,7093,-96
-492,6939,-93
-678,6813,-216
-792,6616,-288
-587,6322,-170
-469,6361,-133
-423,6628,-22
-452,6986,62
-575,6967,-38
-818,6908,-190
-866,6831,-334
-696,6951,-366
-596,7320,-297
-429,7668,-140
-312,7977,-68
-343,8173,-177
-628,8364,-399
-795,8674,-539
-610,8922,-334
-440,8784,-301
-492,8644,-461
-541,8551,-666
-816,8554,-851
-788,8554,-841
-734,8277,-754
-796,8081,-803
-836,7870,-931
-882,7578,-899
-686,7292,-787
-574,6845,-557
-534,6235,-547
-464,5826,-492
-317,5454,-233
-165,4981,-102
-163,4992,-360
-375,5110,-585
-524,5294,-490
-465,5621,-285
-398,5520,-87
-396,5310,-170
-432,5015,-318
-311,4775,-98
-164,4388,-4
-297,4214,-166
-312,3891,-121
-337,3455,-248
-574,3242,-629
-511,3270,-499
-449,3336,-412
-488,3356,-518
-701,3573,-863
-764,3434,-829
-693,3095,-647
-645,2808,-539
-437,2487,-270
-328,2411,-127
-312,1761,-138
-312,406,-116
-435,-345,-193
-334,-846,-213
-370,-435,-444
-476,135,-540
-521,320,-546
-558,349,-622
-696,441,-817
-660,459,-682
-711,815,-665
-614,993,-562
-619,1540,-500
-561,1739,-357
-545,1824,-134
-458,2006,153
-392,1791,229
-468,1451,17
-565,1587,-208
-698,1878,-654
-779,2022,-1000
-683,2151,-832
-541,2315,-392
-251,1620,182
-270,993,407
-355,41,308
-426,187,199
-363,138,395
-500,503,-136
-560,468,-663
-420,341,-259
-207,-132,8
-57,-834,125
-88,-1305,60
-157,-1394,223
-129,-1416,330
-117,-1651,352
-168,-1999,304
-218,-1924,177
-389,-1137,-118
-498,-383,-44
-540,125,-223
-662,906,-377
-699,1559,-359
-557,1655,-95
-486,1587,69
-425,1354,-158
-444,522,-372
-370,-133,-112
-336,-616,62
-404,-648,-6
-452,-531,-109
-575,29,-456
-587,462,-655
-587,1032,-778
-472,1054,-340
-525,1098,-297
-497,1262,-121
-480,1461,-47
-492,1844,-23
-451,2563,134
-513,3741,256
-490,4435,293
-360,5105,818
-424,5763,704
-509,5600,645
-532,5039,1032
-460,3773,1204
-330,2782,1502
-288,1866,1753
-359,1226,1548
-379,1153,1358
-350,1037,1166
-288,1184,390
-356,1403,0
-418,1697,-30
-494,2333,5
-508,2092,228
-497,1561,659
-453,1220,780
-419,1113,517
-371,1010,568
-318,1502,984
-375,1820,1083
-415,2169,910
-467,2770,729
-400,2760,716
-370,2672,987
-330,2756,767
-188,597,1556
-368,164,289
-394,135,51
-390,137,4
-388,137,3
-393,137,14
-414,139,5
-392,153,10
-386,151,21
-375,140,-7
-371,137,14
-385,146,9
-349,142,17
-357,151,18
-351,143,13
-354,162,6
-341,147,-45
-350,144,-77
-371,150,-214
-397,144,-200
-436,138,-87
-430,143,8
-461,168,10
-547,179,1
-513,162,17
-456,163,12
-345,120,18
-420,136,7
-406,142,17
-392,140,20
-389,140,13
-378,139,13
-386,131,17
-383,136,20
-379,143,14
-386,131,9
-352,126,10
-352,136,10
-347,112,14
-345,135,14
-417,139,26
-416,151,30
-405,142,27
-416,158,8
-400,136,18
-410,141,12
-402,140,11
-407,126,13
-380,137,7
-394,131,8
-387,128,27
-390,137,10
-374,136,35
-378,127,9
-406,149,13
-384,139,17
-400,157,8
-368,165,11
-403,143,9
-416,146,23
-401,142,11
-410,150,20
-449,141,15
-449,142,5
-403,138,21
-389,143,31
-392,130,20
-403,131,18
-401,149,15
-382,150,19
-362,161,9
-390,161,16
-380,168,23
-365,176,5
-371,218,1
-364,227,11
-361,241,10
-366,286,20
-363,370,24
-356,526,33
-330,694,30
-336,685,15
-255,769,34
-171,1122,-2
-274,2120,-31
-222,3660,-25
-263,4728,-20
-242,5768,-57
-354,6709,-81
-445,7023,-54
-403,7297,-73
-381,7690,-73
-510,7960,-107
-564,7936,-127
-431,7472,-297
-189,7180,-730
-65,7160,-1197
120,7244,-1657
60,7694,-1756
-174,8159,-1440
-367,8257,-1102
-381,8177,-947
-327,8317,-944
-511,8519,-1039
-197,8413,-936
-170,8290,-819
-75,8296,-801
6,8137,-856
-52,8193,-771
-151,8334,-504
-167,8412,-447
-153,8501,-448
-179,8039,-378
-215,8035,-296
-270,8254,-201
-295,8286,-128
-356,8513,-41
-327,8365,11
-422,8157,107
-377,8164,125
-440,8129,175
-557,8055,250
-499,7913,143
-622,7925,141
-303,8097,-85
-451,7908,64
-562,7909,171
-753,8107,272
-796,7977,316
-1081,8414,403
-584,8386,119
-179,8283,-127
-324,7732,-700
-999,8496,354
-599,8545,272
-1093,8671,281
-982,8236,216
-446,7873,212
-831,8204,342
-728,8080,-48
-971,7911,-47
-1087,7904,-52
-1013,7403,-36
-1879,6956,546
-2122,6779,377
-1549,6165,258
-2193,5927,49
-2012,5565,95
-2140,5236,-211
-1495,5047,87
-1278,4783,-110
-976,4374,-69
-802,4461,189
-1054,4446,53
-929,4460,-38
-1207,4524,-105
-1696,4525,102
-1925,4278,235
-1104,4001,242
-805,3849,225
-414,3743,204
-108,3747,227
-552,3687,183
-348,3601,104
-464,3512,188
-352,3776,275
-427,4145,484
-592,4382,543
-1114,4676,684
-974,4740,502
-1366,4904,276
-286,4432,-45
-172,4184,-26
-223,3922,49
-600,3411,408
-819,3107,-11
-932,2859,-34
-1113,2383,-39
-902,2064,-44
-842,1747,-24
-773,1475,-25
-467,1275,-9
-365,938,-15
-371,426,4
-338,-38,17
-328,-395,17
-394,-658,18
-464,-786,4
-617,-951,9
-500,-1036,12
-438,-1118,10
-352,-1149,34
-381,-1226,23
-486,-1418,12
-462,-1592,10
-323,-1610,-40
-355,-1596,-100
-590,-1449,-213
-596,-1259,-69
-650,-1261,-32
-511,-1177,7
-456,-1120,46
-384,-1000,56
-297,-956,23
-246,-934,18
-342,-879,6
-209,-794,-2
-220,-767,16
-412,-903,-54
-382,-1029,-19
-414,-1124,-12
-387,-1267,52
-300,-1343,112
-198,-1495,133
-197,-1854,107
-135,-2085,74
-130,-2325,52
87,-2858,65
194,-3294,69
-200,-3521,102
-119,-3977,201
-287,-4336,37
-150,-4767,4
-50,-5509,-22
14,-5939,-43
-289,-6031,20
-470,-6744,-11
-871,-6639,-7
-558,-7055,-87
-392,-7430,-7
-309,-7639,111
-302,-7793,135
46,-7934,-34
174,-8187,-18
103,-8546,-144
174,-7807,-143
321,-7977,-231
548,-7998,-347
381,-8033,-332
388,-8391,-298
468,-8430,-440
47,-8193,-184
2,-8045,-145
11,-7931,-199
-270,-8025,-84
-466,-8282,67
-565,-8462,178
-761,-8416,346
-897,-8299,390
-905,-8089,418
-1073,-7995,517
-1035,-7956,558
-1017,-7914,600
-974,-7746,564
-978,-7709,452
-929,-7546,251
-1003,-7431,245
-955,-7416,227
-841,-7525,79
-718,-7705,-56
-726,-7960,-59
-847,-8250,252
-945,-8139,463
-916,-8034,423
-862,-8048,256
-830,-8076,370
-896,-8180,434
-948,-8185,465
-937,-8085,427
-837,-7919,335
-830,-7897,288
-880,-7749,239
-916,-7502,179
-831,-7476,49
-813,-7320,48
-858,-6949,316
-728,-6724,399
-581,-6565,217
-564,-6472,169
-549,-6471,75
-534,-6457,37
-599,-6442,131
-565,-6189,113
-503,-5978,-59
-504,-5723,-158
-508,-5278,-398
-414,-4974,-483
-371,-4673,-550
-346,-4322,-490
-403,-4154,-359
-360,-4010,-193
-305,-3646,-38
-298,-3186,-28
-242,-2707,-195
-206,-2606,-467
-225,-2715,-501
-165,-3033,-616
-68,-3317,-617
-33,-3375,-455
-242,-4573,-192
71,-4576,-375
-655,-3067,-154
-339,-607,-162
-84,79,-129
23,79,-198
157,88,-229
207,84,-36
264,101,3
151,117,7
1,132,20
-267,144,16
-376,152,7
-429,163,8
-373,159,20
-398,147,388
-347,127,1590
-418,203,249
-370,143,198
-347,218,122
-363,184,59
-347,158,39
-357,129,56
-367,144,53
-347,149,51
-360,132,26
-374,132,36
-356,132,27
-373,129,39
-351,95,-81
-92,-30,-521
21,84,-516
132,68,-228
540,20,22
-17,131,6
-269,150,-1
-328,145,-7
-335,161,1
-351,135,5
-333,137,5
-374,147,3
-362,147,-5
-364,132,3
-389,136,-1
-385,133,-1
-388,128,-13
-382,142,-3
-385,128,-1
-360,140,5
-369,131,3
-369,134,-8
-368,127,-2
-380,130,-8
-378,131,-4
-379,134,0
-383,133,-12
-393,132,2
-397,131,-11
-376,136,-4
-393,126,0
-394,139,15
-377,146,-7
-382,139,-18
-361,129,-3
-375,137,1
-388,133,-7
-374,145,1
-364,124,10
-387,151,5
-387,130,-15
-372,141,-3
-376,141,4
-376,135,7
-373,138,13
-359,143,5
-368,129,0
-387,104,-37
-390,42,-99
-406,-68,-144
-412,-107,-167
-404,-93,-180
-410,-195,-104
-434,-305,-181
-427,-500,-590
-441,-982,-27
-430,-1524,38
-420,-1888,23
-431,-2375,21
-435,-3175,26
-441,-3811,17
-381,-4296,-268
-421,-4603,-259
-502,-4812,-230
-495,-5152,-176
-341,-5641,-25
-253,-5991,78
-380,-6088,-5
-486,-6080,-54
-544,-6106,-79
-479,-6596,70
-374,-7137,87
-359,-7323,103
-495,-7237,84
-571,-7131,87
-488,-7160,27
-572,-7395,-277
-714,-7420,-527
-765,-7334,-532
-679,-7487,-183
-650,-7501,43
-609,-7402,38
-652,-7470,-222
-736,-7466,-202
-780,-7329,-188
-1274,-7424,-353
-1358,-7488,-540
-1364,-7517,-577
-1180,-7208,-359
-771,-6941,-209
-395,-6728,-62
-74,-6325,298
18,-6025,454
-137,-5640,365
-201,-5237,347
-80,-4953,496
-21,-4687,555
-44,-4530,687
260,-4567,761
358,-4584,818
433,-4567,859
729,-4666,1038
1033,-4847,1149
945,-4798,1060
327,-4735,1048
562,-4740,955
567,-4887,923
669,-4979,875
611,-4908,729
751,-4698,755
1075,-4739,940
1122,-4769,860
727,-4574,600
419,-4350,461
213,-4078,301
155,-4005,251
65,-4116,90
-117,-4284,25
-512,-4373,-109
-772,-4327,-173
-690,-4007,-90
-210,-3117,166
-76,-2697,294
-115,-2536,167
-458,-2969,0
-549,-3435,-15
-892,-3426,-122
-749,-3040,-182
-492,-2642,-6
-281,-2445,163
-190,-2731,66
-552,-3119,77
-736,-3342,-178
-898,-3540,-216
-1007,-3515,-261
-874,-3330,-121
-520,-3498,-36
-231,-3676,127
-215,-3731,113
-31,-3511,232
-234,-3796,130
-345,-4137,77
-383,-4187,61
-381,-3917,67
-371,-3487,75
-208,-3036,144
-57,-2998,206
-143,-3070,144
-283,-2951,91
-214,-2877,115
-309,-3108,74
-474,-3370,35
-722,-3643,-55
-591,-3507,-8
-845,-3535,-70
-1060,-3559,-80
-1087,-3892,-143
-1183,-4461,-197
-1264,-4530,-189
-1060,-4189,-105
-546,-3749,25
188,-3253,155
-216,-3159,30
-211,-3196,20
-304,-3158,73
-275,-2721,59
-98,-2237,85
-311,-2154,91
61,-2017,30
-490,-2217,21
-73,-1952,101
134,-1953,29
-175,-2317,67
-313,-2541,55
-311,-2624,103
-226,-2836,65
198,-2688,110
579,-2858,106
659,-2913,118
-465,-3279,28
-409,-3226,82
451,-3101,79
-27,-3195,49
631,-2777,53
-361,-2799,48
36,-2769,51
-663,-2770,43
175,-2418,60
97,-2422,47
-38,-2386,188
-211,-2163,20
27,-2136,28
-58,-2020,0
-382,-1784,30
-382,-1810,16
-301,-1714,28
-391,-1159,17
-382,-687,24
-375,-312,16
-395,-29,16
-400,77,31
-395,180,12
-388,313,15
-403,432,14
-406,489,16
-563,565,12
-426,564,9
-391,677,9
-387,757,6
-402,855,0
-381,907,14
-400,861,8
-491,930,4
-678,936,13
-529,853,7
-400,773,1
-389,790,5
-381,789,0
-393,792,-5
-387,731,26
-388,704,16
-383,622,11
-389,565,10
-392,488,14
-375,368,11
-375,341,10
-370,365,21
-359,493,13
-393,514,18
-385,435,33
-392,297,18
-408,242,15
-390,322,-6
-381,338,6
-371,313,8
-363,305,9
-380,287,11
-376,272,11
-383,395,5
-414,471,-7
-412,452,5
-395,404,25
-388,487,11
-394,852,9
-394,1122,10
-407,1330,5
-462,1656,3
-776,2081,-9
-515,2692,-20
-1000,3510,-31
-1071,3985,-43
-1305,4160,-73
-1003,4340,-70
-986,4606,-82
-1062,4941,-82
-1146,5511,-128
-1003,5842,-115
-827,6084,-106
-884,6354,-113
-1611,6238,-240
-1891,6444,-302
-1662,6592,-306
-1558,6576,-310
-1467,6706,-299
-1429,7115,-323
-1238,7361,-286
-1158,7455,-270
-1364,7438,-354
-971,7427,-240
-710,7419,-158
-772,7404,-205
-706,7449,-164
-719,7352,-194
-1002,6953,-345
-1293,6440,-467
-1490,6311,-587
-1237,6230,-494
-1344,6047,-583
-1362,5748,-613
-1411,5547,-658
-1624,5596,-780
-1480,5775,-703
-1380,5757,-691
-1101,5638,-537
-1129,5438,-561
-1294,5043,-642
-1290,4790,-718
-1282,4433,-768
-1179,4149,-994
-1493,4018,-1095
-1601,4282,-1142
-1706,4643,-1194
-1381,4750,-1002
-1012,4468,-798
-986,4335,-782
-893,4406,-683
-627,4470,-408
-597,4471,-410
-725,4442,-371
-624,4356,-448
-957,3823,-534
-1183,3507,-745
-914,3333,-465
-852,3376,-458
-900,3350,-633
-906,3270,-723
-882,3180,-641
-625,3474,-324
-473,3879,-57
-539,4165,-56
-476,4384,-60
-435,4415,-70
-428,4443,-101
-390,4674,-139
-427,4702,-109
-378,4816,-83
-428,4768,-26
-597,4607,35
-601,4287,68
-513,4264,24
-494,4558,20
-444,4802,-20
-428,4726,-29
-422,4200,-2
-315,3074,57
-146,1743,209
-267,1425,24
-333,1733,-87
-337,1694,-62
-376,1052,-63
-513,1630,50
-478,1556,68
-383,1665,46
-409,1847,56
-434,1940,43
-404,1735,36
-424,1416,18
-415,1122,-83
-581,1325,-268
-569,1190,-253
-593,1195,-222
-608,1004,-267
-582,923,-259
-499,1084,-14
-398,1164,236
-393,1042,209
-516,913,-164
-532,775,-226
-500,884,-169
-550,994,-286
-601,879,-394
-573,987,-394
-578,1188,-523
-537,1604,-472
-537,1677,-454
-545,1387,-456
-564,1694,-404
-498,2024,-267
-437,2281,-145
-509,1917,-377
-609,1413,-629
-548,1334,-482
-528,1771,-446
-548,2400,-483
-419,2739,-211
-483,3483,-232
-372,4372,-109
-473,4494,-239
-426,3624,-245
-351,2925,-44
-384,2245,-105
-455,2093,-267
-349,2308,-92
-371,2554,43
-319,2844,374
-376,3394,277
-414,3918,238
-450,4164,329
-483,4494,330
-525,4731,375
-463,4053,382
-498,3780,239
-464,3394,307
-356,2585,646
-349,2527,746
-385,2756,599
-358,2663,577
-409,2447,474
-416,2210,546
-373,2024,715
-421,2056,516
-551,2403,288
-476,2556,416
-414,2612,383
-505,2578,271
-407,2446,490
-343,2333,578
-355,2468,400
-389,2438,249
-389,2097,252
-403,1823,236
-424,1811,105
-421,1829,144
-396,1797,193
-389,1764,155
-397,1739,124
-387,1747,139
-350,1739,210
-364,1743,325
-379,1753,411
-443,2093,225
-455,2398,138
-434,2723,181
-402,3060,250
-418,2845,254
-424,2958,226
-374,3225,375
-6,2304,421
-65,1241,358
-230,684,351
-328,794,114
-393,1160,-27
-938,5208,-164
-605,2806,320
-379,853,190
-325,540,224
-396,807,332
-410,819,187
-236,215,65
-292,159,28
-276,150,81
-73,169,286
-24,166,320
-51,154,337
-232,158,361
-312,139,271
-354,129,69
-346,128,21
-346,144,21
-338,136,34
-347,127,22
-355,133,16
-360,129,18
-370,135,18
-388,134,17
-370,142,18
-368,132,16
-358,139,0
-370,140,15
-352,129,2
-346,134,15
-371,133,7
-370,145,7
-371,155,74
-387,159,1224
-371,150,967
-386,148,904
-396,152,909
-380,140,397
-380,140,67
-376,141,6
-384,136,10
-379,131,9
-384,142,13
-364,138,10
-403,119,-309
-341,135,-9
-421,136,13
-384,142,-10
-387,132,9
-383,134,12
-407,141,26
-404,141,6
-399,148,12
-402,148,4
-410,138,13
-367,147,-141
-320,135,-571
-393,123,-574
-384,129,-4
-378,134,21
-383,125,12
-400,134,7
-381,133,29
-388,148,12
-388,154,5
-381,133,14
-384,138,13
-380,139,16
-374,137,10
-386,138,14
-387,144,11
-390,137,17
-377,144,18
-376,144,20
-391,138,16
-382,128,4
-398,128,17
-385,137,19
-388,131,13
-384,143,8
-386,129,-2
-377,141,25
-390,142,9
-388,128,14
-392,146,16
-394,122,6
-402,141,4
-381,143,15
-394,132,-2
-385,137,25
-392,133,2
-377,135,-2
-390,139,13
-366,142,25
-387,132,15
-381,131,12
-397,130,23
-394,124,14
-385,134,21
-376,136,17
-391,147,7
-386,131,4
-382,137,6
-381,134,5
-386,140,9
-381,149,10
-389,137,17
-389,139,18
-380,131,16
-389,132,21
-377,152,24
-383,134,11
-390,131,7
-367,121,21
-366,142,13
-384,131,12
-380,132,32
-390,126,13
-404,129,12
-389,151,17
-378,133,17
-378,125,15
-385,129,14
-380,120,19
-384,129,10
-379,138,19
-376,131,7
-389,135,22
-391,126,19
-380,120,16
-377,142,23
-381,128,15
-390,131,20
-382,134,33
-375,125,14
-393,133,13
-396,144,23
-376,138,9
-388,131,28
-384,132,23
-392,136,14
-389,131,18
-384,131,21
-391,132,28
-382,133,29
-383,139,16
-381,139,6
-383,134,14
-390,127,24
-381,124,16
-396,135,10
-370,137,11
-397,130,11
-389,141,22
-398,134,8
-384,132,17
-386,136,10
-390,154,11
